test,algorithm,result,time_us
2252576253462244111563365343671351441,alphabeta,true,0
2252576253462244111563365343671351441,alphabetaMO1,true,0
7422341735647741166133573473242566,alphabeta,true,5
7422341735647741166133573473242566,alphabetaMO1,true,4
23163416124767223154467471272416755633,alphabeta,true,0
23163416124767223154467471272416755633,alphabetaMO1,true,0
71255763773133525731261364622167124446454,alphabeta,true,0
71255763773133525731261364622167124446454,alphabetaMO1,true,0
65214673556155731566316327373221417,alphabeta,true,2
65214673556155731566316327373221417,alphabetaMO1,true,2
52677675164321472411331752454,alphabeta,true,3145
52677675164321472411331752454,alphabetaMO1,true,1176
3135151421347443544172316522225776773566,alphabeta,true,0
3135151421347443544172316522225776773566,alphabetaMO1,true,0
562154564361751726662253737734213275114,alphabeta,true,0
562154564361751726662253737734213275114,alphabetaMO1,true,0
233377345754465174223731671122611552,alphabeta,true,2
233377345754465174223731671122611552,alphabetaMO1,true,2
6763525635134453444361412671365712,alphabeta,true,4
6763525635134453444361412671365712,alphabetaMO1,true,4
211376455663355325112113664364524722,alphabeta,true,0
211376455663355325112113664364524722,alphabetaMO1,true,0
3146762114467714356347741621375222,alphabeta,true,11
3146762114467714356347741621375222,alphabetaMO1,true,19
67152117737262713366376314254,alphabeta,true,2563
67152117737262713366376314254,alphabetaMO1,true,628
2762751722231276466633475674533,alphabeta,true,3
2762751722231276466633475674533,alphabetaMO1,true,4
3642756176227637211322113551637574556,alphabeta,true,1
3642756176227637211322113551637574556,alphabetaMO1,true,0
22647455554314246733661634615122372377511,alphabeta,true,0
22647455554314246733661634615122372377511,alphabetaMO1,true,0
427566236745127177115664464254,alphabeta,true,104
427566236745127177115664464254,alphabetaMO1,true,128
7172212567451542223676134464437761515,alphabeta,true,1
7172212567451542223676134464437761515,alphabetaMO1,true,1
641154574541323641152467137655232232366,alphabeta,true,0
641154574541323641152467137655232232366,alphabetaMO1,true,0
5775265212657176476365522624313714333,alphabeta,true,0
5775265212657176476365522624313714333,alphabetaMO1,true,0
3575316255751336464276636772271112,alphabeta,true,9
3575316255751336464276636772271112,alphabetaMO1,true,3
75662564375666511575212332122171447733,alphabeta,true,0
75662564375666511575212332122171447733,alphabetaMO1,true,0
3576127617575661522124647446257235344113,alphabeta,true,0
3576127617575661522124647446257235344113,alphabetaMO1,true,0
655651721435342216255374674123,alphabeta,true,356
655651721435342216255374674123,alphabetaMO1,true,139
335413424327172446337172625415575517,alphabeta,true,0
335413424327172446337172625415575517,alphabetaMO1,true,1
12156756715535615116237724723,alphabeta,true,61
12156756715535615116237724723,alphabetaMO1,true,68
4744236462134233111155374771566655522,alphabeta,true,1
4744236462134233111155374771566655522,alphabetaMO1,true,1
144324431445513573673777361765615215226,alphabeta,true,0
144324431445513573673777361765615215226,alphabetaMO1,true,0
466337133772221726726511133452571,alphabeta,true,21
466337133772221726726511133452571,alphabetaMO1,true,21
5577777735365512235162362241426611,alphabeta,true,1
5577777735365512235162362241426611,alphabetaMO1,true,1
6274476136716665132411555412333345,alphabeta,true,13
6274476136716665132411555412333345,alphabetaMO1,true,9
2166166176633734115273317322475724,alphabeta,true,1
2166166176633734115273317322475724,alphabetaMO1,true,2
3432357517256661231652672362571175,alphabeta,true,0
3432357517256661231652672362571175,alphabetaMO1,true,0
26512741647245111351472255277,alphabeta,true,1
26512741647245111351472255277,alphabetaMO1,true,3
3414355576455177144321543311672273,alphabeta,true,1
3414355576455177144321543311672273,alphabetaMO1,true,1
112471523663662675764743257544335112741,alphabeta,true,0
112471523663662675764743257544335112741,alphabetaMO1,true,0
24555313265147651622632244317534477,alphabeta,true,0
24555313265147651622632244317534477,alphabetaMO1,true,0
5512371662253342337574526766763245,alphabeta,true,0
5512371662253342337574526766763245,alphabetaMO1,true,0
27573772361321663724362213661574,alphabeta,true,3
27573772361321663724362213661574,alphabetaMO1,true,3
3336513263356226156221176142517577574,alphabeta,true,0
3336513263356226156221176142517577574,alphabetaMO1,true,0
6216633712715125334265163163777225,alphabeta,true,0
6216633712715125334265163163777225,alphabetaMO1,true,0
735425274762537661575175136212214614443,alphabeta,true,0
735425274762537661575175136212214614443,alphabetaMO1,true,0
67652627754667711122263741251355513444433,alphabeta,true,0
67652627754667711122263741251355513444433,alphabetaMO1,true,0
3324524346452572767551333257727114,alphabeta,true,3
3324524346452572767551333257727114,alphabetaMO1,true,4
47344144255311355215566613617433267622277,alphabeta,true,0
47344144255311355215566613617433267622277,alphabetaMO1,true,0
5711457417462173563673656226153335724441,alphabeta,true,0
5711457417462173563673656226153335724441,alphabetaMO1,true,0
7174362564676726631735257252323,alphabeta,true,2
7174362564676726631735257252323,alphabetaMO1,true,1
6213724444421524673215767767233,alphabeta,true,229
6213724444421524673215767767233,alphabetaMO1,true,88
74335434411656772367437345716111256622255,alphabeta,true,0
74335434411656772367437345716111256622255,alphabetaMO1,true,0
12513736213523127714633572657256,alphabeta,true,7
12513736213523127714633572657256,alphabetaMO1,true,3
33345517452154243637525163177771661442,alphabeta,true,0
33345517452154243637525163177771661442,alphabetaMO1,true,0
4242255734462136735555743337711172114266,alphabeta,true,0
4242255734462136735555743337711172114266,alphabetaMO1,true,0
47715713331437527153255735112,alphabeta,true,36
47715713331437527153255735112,alphabetaMO1,true,27
75345112462162112542645517445723663673,alphabeta,true,0
75345112462162112542645517445723663673,alphabetaMO1,true,0
345272112577424477722116144566361353335,alphabeta,true,0
345272112577424477722116144566361353335,alphabetaMO1,true,0
7235431667532555335366227767122741,alphabeta,true,4
7235431667532555335366227767122741,alphabetaMO1,true,1
3515655547334632573462442436722717672611,alphabeta,true,0
3515655547334632573462442436722717672611,alphabetaMO1,true,0
5114752266375176254672271463763,alphabeta,true,42
5114752266375176254672271463763,alphabetaMO1,true,2
26226627217273417775416514661414455,alphabeta,true,0
26226627217273417775416514661414455,alphabetaMO1,true,0
75671334317317336771215665546,alphabeta,true,194
75671334317317336771215665546,alphabetaMO1,true,42
171231226144413625631766635232354,alphabeta,true,9
171231226144413625631766635232354,alphabetaMO1,true,9
316775734112511514276652774525666433324,alphabeta,true,0
316775734112511514276652774525666433324,alphabetaMO1,true,0
671337313517162274736137166625,alphabeta,true,13
671337313517162274736137166625,alphabetaMO1,true,12
724426633665427464467135277713322,alphabeta,true,3
724426633665427464467135277713322,alphabetaMO1,true,1
26152653322136634677576524721,alphabeta,true,606
26152653322136634677576524721,alphabetaMO1,true,189
7134177657121331734122334222646475455656,alphabeta,true,0
7134177657121331734122334222646475455656,alphabetaMO1,true,0
55544463222315723417163427535141712366,alphabeta,true,0
55544463222315723417163427535141712366,alphabetaMO1,true,0
2365735775473244231263235156756276411,alphabeta,true,0
2365735775473244231263235156756276411,alphabetaMO1,true,0
5351252463263713771262625511175,alphabeta,true,16
5351252463263713771262625511175,alphabetaMO1,true,22
1246652731765175642453216447355212761743,alphabeta,true,0
1246652731765175642453216447355212761743,alphabetaMO1,true,0
65163631747317535254246533477742546126,alphabeta,true,0
65163631747317535254246533477742546126,alphabetaMO1,true,0
632131362752266425527575661477514173133,alphabeta,true,0
632131362752266425527575661477514173133,alphabetaMO1,true,0
3575213524612243543117121734354245,alphabeta,true,0
3575213524612243543117121734354245,alphabetaMO1,true,0
54315521633364265177472556321131667422,alphabeta,true,0
54315521633364265177472556321131667422,alphabetaMO1,true,0
4135614326115446311565436527365347227777,alphabeta,true,0
4135614326115446311565436527365347227777,alphabetaMO1,true,0
6121455117152514634356336576722,alphabeta,true,32
6121455117152514634356336576722,alphabetaMO1,true,29
162763511717327445577335341162225,alphabeta,true,22
162763511717327445577335341162225,alphabetaMO1,true,20
22264616135732655536513176725,alphabeta,true,54
22264616135732655536513176725,alphabetaMO1,true,13
3257422513267365666657715143273215,alphabeta,true,0
3257422513267365666657715143273215,alphabetaMO1,true,0
7375363223321275365761176227554,alphabeta,true,9
7375363223321275365761176227554,alphabetaMO1,true,6
7574351513437646536627543374245122671,alphabeta,true,2
7574351513437646536627543374245122671,alphabetaMO1,true,2
473457735543145756116234731734,alphabeta,true,64
473457735543145756116234731734,alphabetaMO1,true,56
31161436231375514162762677336,alphabeta,true,101
31161436231375514162762677336,alphabetaMO1,true,92
7674571355564732621771632445541312664,alphabeta,true,1
7674571355564732621771632445541312664,alphabetaMO1,true,0
5664257525274755427162647641617411233331,alphabeta,true,0
5664257525274755427162647641617411233331,alphabetaMO1,true,0
15553572725743113217732374225141443646,alphabeta,true,0
15553572725743113217732374225141443646,alphabetaMO1,true,0
531633412573473732555776574121142,alphabeta,true,4
531633412573473732555776574121142,alphabetaMO1,true,3
61112547667441142275132277424365673655533,alphabeta,true,0
61112547667441142275132277424365673655533,alphabetaMO1,true,0
463664536261521546311273242457332,alphabeta,true,12
463664536261521546311273242457332,alphabetaMO1,true,7
326615663752621323655335514271,alphabeta,true,4
326615663752621323655335514271,alphabetaMO1,true,3
71165555742443273243763213427724,alphabeta,true,38
71165555742443273243763213427724,alphabetaMO1,true,28
161452652223115233627734653135566717,alphabeta,true,0
161452652223115233627734653135566717,alphabetaMO1,true,0
74425337641465475671176741236615215533,alphabeta,true,0
74425337641465475671176741236615215533,alphabetaMO1,true,0
32162751756771355671355274632416432163244,alphabeta,true,0
32162751756771355671355274632416432163244,alphabetaMO1,true,0
524216226637772126164361744551551,alphabeta,true,1
524216226637772126164361744551551,alphabetaMO1,true,1
1576663267233361422642121117554,alphabeta,true,0
1576663267233361422642121117554,alphabetaMO1,true,0
6343274434344672215273311526556215,alphabeta,true,5
6343274434344672215273311526556215,alphabetaMO1,true,5
1313327526554131647611374372646,alphabeta,true,78
1313327526554131647611374372646,alphabetaMO1,true,29
36454347246745616376336347211212717,alphabeta,true,0
36454347246745616376336347211212717,alphabetaMO1,true,0
23135456174511325333222576644421467616,alphabeta,true,0
23135456174511325333222576644421467616,alphabetaMO1,true,0
37342133236232526427711116166777,alphabeta,true,0
37342133236232526427711116166777,alphabetaMO1,true,0
736432547357137433465775442162551,alphabeta,true,1
736432547357137433465775442162551,alphabetaMO1,true,1
65323776614155213553376652122427,alphabeta,true,15
65323776614155213553376652122427,alphabetaMO1,true,14
245742673445231642226677515746163,alphabeta,true,39
245742673445231642226677515746163,alphabetaMO1,true,22
341236533542227571766567145126312,alphabeta,true,34
341236533542227571766567145126312,alphabetaMO1,true,9
661556433457252231661613114325732,alphabeta,true,3
661556433457252231661613114325732,alphabetaMO1,true,4
11617255152412223243461443755,alphabeta,true,174
11617255152412223243461443755,alphabetaMO1,true,173
4723225734625174272467763531446513535,alphabeta,true,1
4723225734625174272467763531446513535,alphabetaMO1,true,1
41475323467164226325421231114336556,alphabeta,true,2
41475323467164226325421231114336556,alphabetaMO1,true,2
77336231335737515556216511771624626,alphabeta,true,0
77336231335737515556216511771624626,alphabetaMO1,true,0
32113735114523512272777153652673,alphabeta,true,1
32113735114523512272777153652673,alphabetaMO1,true,1
652331172222457134742634464673135775,alphabeta,true,3
652331172222457134742634464673135775,alphabetaMO1,true,3
41157313573623152655422176126627,alphabeta,true,57
41157313573623152655422176126627,alphabetaMO1,true,70
52751626222765267437674374433416331155511,alphabeta,true,0
52751626222765267437674374433416331155511,alphabetaMO1,true,0
45512272164216512124665566753,alphabeta,true,24
45512272164216512124665566753,alphabetaMO1,true,33
34441157374153736716346556774311552222,alphabeta,true,0
34441157374153736716346556774311552222,alphabetaMO1,true,0
557671311761447661663222331375,alphabeta,true,2
557671311761447661663222331375,alphabetaMO1,true,2
73711455213245356452463362145367227167174,alphabeta,true,0
73711455213245356452463362145367227167174,alphabetaMO1,true,0
57571521273372553771133411265426,alphabeta,true,1
57571521273372553771133411265426,alphabetaMO1,true,1
63411624267622313431756753411657735527244,alphabeta,true,0
63411624267622313431756753411657735527244,alphabetaMO1,true,0
743147475311235374153667575364254661,alphabeta,true,1
743147475311235374153667575364254661,alphabetaMO1,true,1
13221637674233315611217775236,alphabeta,true,35
13221637674233315611217775236,alphabetaMO1,true,24
35371324637717563211665236277265,alphabeta,true,15
35371324637717563211665236277265,alphabetaMO1,true,24
73337267741442232214473741513516265,alphabeta,true,1
73337267741442232214473741513516265,alphabetaMO1,true,1
4652554254441727611466627637231573115733,alphabeta,true,0
4652554254441727611466627637231573115733,alphabetaMO1,true,0
422273444275564571264157762567533,alphabeta,true,8
422273444275564571264157762567533,alphabetaMO1,true,5
62333544634137272131752556461465177257642,alphabeta,true,0
62333544634137272131752556461465177257642,alphabetaMO1,true,0
12514726155174536522772517671,alphabeta,true,26
12514726155174536522772517671,alphabetaMO1,true,16
5342133617653345412111327674525657676,alphabeta,true,0
5342133617653345412111327674525657676,alphabetaMO1,true,0
57436215546655561632673221774224,alphabeta,true,99
57436215546655561632673221774224,alphabetaMO1,true,30
13377634162752622457544414336266211,alphabeta,true,4
13377634162752622457544414336266211,alphabetaMO1,true,3
332166312711276477164432435466555521,alphabeta,true,9
332166312711276477164432435466555521,alphabetaMO1,true,8
3676667731372526727121651543335,alphabeta,true,6
3676667731372526727121651543335,alphabetaMO1,true,25
62456625325371143255267244541167413,alphabeta,true,3
62456625325371143255267244541167413,alphabetaMO1,true,3
6346516555553413114311436442377227277272,alphabeta,true,0
6346516555553413114311436442377227277272,alphabetaMO1,true,0
434441636425271214325331377527661167527,alphabeta,true,0
434441636425271214325331377527661167527,alphabetaMO1,true,0
6627513412261243434662623435755,alphabeta,true,78
6627513412261243434662623435755,alphabetaMO1,true,50
1713214542552442615742451312753,alphabeta,true,21
1713214542552442615742451312753,alphabetaMO1,true,20
27542661356115144656126123355342,alphabeta,true,0
27542661356115144656126123355342,alphabetaMO1,true,0
4632263444124617222171516514573366753,alphabeta,true,1
4632263444124617222171516514573366753,alphabetaMO1,true,1
3513265333547163177727167665521,alphabeta,true,13
3513265333547163177727167665521,alphabetaMO1,true,11
6412363551515544423325634641136,alphabeta,true,14
6412363551515544423325634641136,alphabetaMO1,true,16
524653332256623414472524557673341711,alphabeta,true,2
524653332256623414472524557673341711,alphabetaMO1,true,2
545712124632266433465225571147,alphabeta,true,623
545712124632266433465225571147,alphabetaMO1,true,417
512544576346755736772227654216233331416,alphabeta,true,0
512544576346755736772227654216233331416,alphabetaMO1,true,0
33633737511156576175761164444765342542,alphabeta,true,0
33633737511156576175761164444765342542,alphabetaMO1,true,0
56166146423261152341216473547,alphabeta,true,78
56166146423261152341216473547,alphabetaMO1,true,108
72266725371541716377235513522511644664334,alphabeta,true,0
72266725371541716377235513522511644664334,alphabetaMO1,true,0
564414111461617227324564266377573733,alphabeta,true,1
564414111461617227324564266377573733,alphabetaMO1,true,1
47326565227476132357733221316615461751544,alphabeta,true,0
47326565227476132357733221316615461751544,alphabetaMO1,true,0
32543544447733417277713515216156321522666,alphabeta,true,0
32543544447733417277713515216156321522666,alphabetaMO1,true,0
475441167453247721652552425273,alphabeta,true,7
475441167453247721652552425273,alphabetaMO1,true,2
42577414436732671615644631565377215513,alphabeta,true,0
42577414436732671615644631565377215513,alphabetaMO1,true,0
4242276617151162517666552153523447377443,alphabeta,true,0
4242276617151162517666552153523447377443,alphabetaMO1,true,0
456276274266462724276371741543,alphabeta,true,7
456276274266462724276371741543,alphabetaMO1,true,5
712571271166563567166743254272,alphabeta,true,1
712571271166563567166743254272,alphabetaMO1,true,1
246254655267722574364533641533611241173,alphabeta,true,0
246254655267722574364533641533611241173,alphabetaMO1,true,0
1267354235412736561671536772762554,alphabeta,true,14
1267354235412736561671536772762554,alphabetaMO1,true,15
55652251124717734274112753673513266334,alphabeta,true,0
55652251124717734274112753673513266334,alphabetaMO1,true,0
2154161454476562367253251151743324,alphabeta,true,8
2154161454476562367253251151743324,alphabetaMO1,true,10
7211533245325536242316615361517,alphabeta,true,45
7211533245325536242316615361517,alphabetaMO1,true,32
5327274145773234475225457541321,alphabeta,true,11
5327274145773234475225457541321,alphabetaMO1,true,13
76261532672751646635552252333177111,alphabeta,true,0
76261532672751646635552252333177111,alphabetaMO1,true,0
33756525572635413225374473726476,alphabeta,true,38
33756525572635413225374473726476,alphabetaMO1,true,12
6146751735612247133174335661236572224475,alphabeta,true,0
6146751735612247133174335661236572224475,alphabetaMO1,true,0
12241427723644146641135127767763356235,alphabeta,true,0
12241427723644146641135127767763356235,alphabetaMO1,true,0
66333444714334751354116675176,alphabeta,true,163
66333444714334751354116675176,alphabetaMO1,true,116
711221144125417522453372543663376546,alphabeta,true,6
711221144125417522453372543663376546,alphabetaMO1,true,6
13572574574336771444755135121,alphabeta,true,273
13572574574336771444755135121,alphabetaMO1,true,118
31711653336664363224651775122142755774,alphabeta,true,0
31711653336664363224651775122142755774,alphabetaMO1,true,0
322176534514613264332453426667724117571,alphabeta,true,0
322176534514613264332453426667724117571,alphabetaMO1,true,0
5722154313445541142112455333227676736,alphabeta,true,0
5722154313445541142112455333227676736,alphabetaMO1,true,0
7626745476122763521226763753414115,alphabeta,true,3
7626745476122763521226763753414115,alphabetaMO1,true,1
1222376543225523156773766436775346541144,alphabeta,true,0
1222376543225523156773766436775346541144,alphabetaMO1,true,0
4766635436535425165573126223473711,alphabeta,true,9
4766635436535425165573126223473711,alphabetaMO1,true,8
2316261177141456635241744767245562,alphabeta,true,25
2316261177141456635241744767245562,alphabetaMO1,true,31
336176327473676264173126455317452,alphabeta,true,67
336176327473676264173126455317452,alphabetaMO1,true,18
7275266736656224513416453475524423317713,alphabeta,true,0
7275266736656224513416453475524423317713,alphabetaMO1,true,0
2525453157437721753235142343772116,alphabeta,true,3
2525453157437721753235142343772116,alphabetaMO1,true,1
77717442447164154627151133323236232,alphabeta,true,2
77717442447164154627151133323236232,alphabetaMO1,true,2
212511372171451342247267463534,alphabeta,true,30
212511372171451342247267463534,alphabetaMO1,true,33
754543545447541571137367273612,alphabeta,true,122
754543545447541571137367273612,alphabetaMO1,true,79
145141142554355171365473322772264,alphabeta,true,10
145141142554355171365473322772264,alphabetaMO1,true,13
121731455645661151446723475572422,alphabeta,true,4
121731455645661151446723475572422,alphabetaMO1,true,2
471346772314634711662437137346261,alphabeta,true,1
471346772314634711662437137346261,alphabetaMO1,true,1
74241572445765773245152741513133,alphabeta,true,4
74241572445765773245152741513133,alphabetaMO1,true,3
32374265746742266767547622145,alphabeta,true,68
32374265746742266767547622145,alphabetaMO1,true,39
72466516556477525246511421136744173233723,alphabeta,true,0
72466516556477525246511421136744173233723,alphabetaMO1,true,0
2421176752333212662665751151657445743,alphabeta,true,1
2421176752333212662665751151657445743,alphabetaMO1,true,1
1727126241776745736514411546534526252633,alphabeta,true,0
1727126241776745736514411546534526252633,alphabetaMO1,true,0
36524571542351776551323614342223477761461,alphabeta,true,0
36524571542351776551323614342223477761461,alphabetaMO1,true,0
32661456543252361445432717415323661152,alphabeta,true,0
32661456543252361445432717415323661152,alphabetaMO1,true,0
1626521411226325661652143543734575344773,alphabeta,true,0
1626521411226325661652143543734575344773,alphabetaMO1,true,0
3241145171732273522645451776672,alphabeta,true,24
3241145171732273522645451776672,alphabetaMO1,true,19
21176223773245661677416571265444125,alphabeta,true,5
21176223773245661677416571265444125,alphabetaMO1,true,2
51157274117637535335152717444443266663622,alphabeta,true,0
51157274117637535335152717444443266663622,alphabetaMO1,true,0
71222432614122466366744411561737733,alphabeta,true,0
71222432614122466366744411561737733,alphabetaMO1,true,0
315673216317152634716277223755255,alphabeta,true,11
315673216317152634716277223755255,alphabetaMO1,true,8
2532217274214444146211356717737533536,alphabeta,true,0
2532217274214444146211356717737533536,alphabetaMO1,true,0
11513154335437461536136677566452744,alphabeta,true,0
11513154335437461536136677566452744,alphabetaMO1,true,1
7654776675256624444643117711331235,alphabeta,true,9
7654776675256624444643117711331235,alphabetaMO1,true,14
347466342553524733255764745631661121127,alphabeta,true,0
347466342553524733255764745631661121127,alphabetaMO1,true,0
36651326227232515767351624741116,alphabeta,true,13
36651326227232515767351624741116,alphabetaMO1,true,10
257273654751353267257126613452117334616,alphabeta,true,0
257273654751353267257126613452117334616,alphabetaMO1,true,0
36527176732463353744161566412441125772,alphabeta,true,1
36527176732463353744161566412441125772,alphabetaMO1,true,1
61771566546513437644572641471,alphabeta,true,9
61771566546513437644572641471,alphabetaMO1,true,11
17227416631324662771525327416733165,alphabeta,true,1
17227416631324662771525327416733165,alphabetaMO1,true,1
635612533521556742126777167547612,alphabeta,true,6
635612533521556742126777167547612,alphabetaMO1,true,6
35632152463737741254111755645173224324,alphabeta,true,0
35632152463737741254111755645173224324,alphabetaMO1,true,0
75175462454433732336461324222161166,alphabeta,true,4
75175462454433732336461324222161166,alphabetaMO1,true,6
235343157637264213475475514425311761766,alphabeta,true,0
235343157637264213475475514425311761766,alphabetaMO1,true,0
673466551526416747746423515427533237321,alphabeta,true,0
673466551526416747746423515427533237321,alphabetaMO1,true,0
5744625253727174476144263366111,alphabeta,true,39
5744625253727174476144263366111,alphabetaMO1,true,191
67255217565535272362732377313616611,alphabeta,true,0
67255217565535272362732377313616611,alphabetaMO1,true,0
14717157225616276372276665455121,alphabeta,true,4
14717157225616276372276665455121,alphabetaMO1,true,3
61151145221126576476226744257647,alphabeta,true,1
61151145221126576476226744257647,alphabetaMO1,true,3
26147775643744425655347565333,alphabeta,true,795
26147775643744425655347565333,alphabetaMO1,true,88
3734133322575154142545354647716726176266,alphabeta,true,0
3734133322575154142545354647716726176266,alphabetaMO1,true,0
5445715774413366377411635376556623421122,alphabeta,true,0
5445715774413366377411635376556623421122,alphabetaMO1,true,0
24763233527423124256453513746,alphabeta,true,31
24763233527423124256453513746,alphabetaMO1,true,28
22726477721346244337156436325366555,alphabeta,true,12
22726477721346244337156436325366555,alphabetaMO1,true,6
553441572767715224731512235666337166,alphabeta,true,2
553441572767715224731512235666337166,alphabetaMO1,true,2
215211625424277276665415665177,alphabeta,true,157
215211625424277276665415665177,alphabetaMO1,true,68
7344333222357623754714114772411155256,alphabeta,true,0
7344333222357623754714114772411155256,alphabetaMO1,true,0
32616333713725611721734277264,alphabeta,true,60
32616333713725611721734277264,alphabetaMO1,true,27
37722176125735517261461663716522355,alphabeta,true,0
37722176125735517261461663716522355,alphabetaMO1,true,0
455152246672777617416174462326,alphabeta,true,87
455152246672777617416174462326,alphabetaMO1,true,353
453311667775446742321771364135514,alphabeta,true,1
453311667775446742321771364135514,alphabetaMO1,true,1
73623227532664476316523773254556744,alphabeta,true,3
73623227532664476316523773254556744,alphabetaMO1,true,1
2234233713673272772715315511456,alphabeta,true,1
2234233713673272772715315511456,alphabetaMO1,true,1
571661222213427525435551361136744,alphabeta,true,3
571661222213427525435551361136744,alphabetaMO1,true,3
7522745647553215577666223213136461,alphabeta,true,2
7522745647553215577666223213136461,alphabetaMO1,true,1
721465313316322566416737572477,alphabeta,true,104
721465313316322566416737572477,alphabetaMO1,true,14
574331641621757135471271334735522,alphabeta,true,11
574331641621757135471271334735522,alphabetaMO1,true,7
12323353157221355146575364767276162744,alphabeta,true,0
12323353157221355146575364767276162744,alphabetaMO1,true,0
73532652141726521567746755662271333411,alphabeta,true,0
73532652141726521567746755662271333411,alphabetaMO1,true,0
741564374565535457117414166626213,alphabeta,true,19
741564374565535457117414166626213,alphabetaMO1,true,18
7214367222466576163263111243477134,alphabeta,true,6
7214367222466576163263111243477134,alphabetaMO1,true,6
74624165764117663575545377446135131,alphabeta,true,0
74624165764117663575545377446135131,alphabetaMO1,true,0
46472445375121136551453523421,alphabeta,true,131
46472445375121136551453523421,alphabetaMO1,true,289
57213724365233732431167172174421566565654,alphabeta,true,0
57213724365233732431167172174421566565654,alphabetaMO1,true,0
553111312566546717444477713367364635522,alphabeta,true,0
553111312566546717444477713367364635522,alphabetaMO1,true,0
1126533332457256766777753554664141,alphabeta,true,7
1126533332457256766777753554664141,alphabetaMO1,true,5
77711664253165461775237646441451233,alphabeta,true,2
77711664253165461775237646441451233,alphabetaMO1,true,1
656111255627271542471671672526,alphabeta,true,15
656111255627271542471671672526,alphabetaMO1,true,7
62545731311224667224761135435357,alphabeta,true,217
62545731311224667224761135435357,alphabetaMO1,true,98
72171136136337326616767734214,alphabeta,true,21
72171136136337326616767734214,alphabetaMO1,true,40
7757773257231346234144653122551152344,alphabeta,true,0
7757773257231346234144653122551152344,alphabetaMO1,true,0
136262243413261155223714636146555,alphabeta,true,0
136262243413261155223714636146555,alphabetaMO1,true,0
2317341651666134413473525715426477,alphabeta,true,16
2317341651666134413473525715426477,alphabetaMO1,true,14
23225744227127613717766633114613,alphabeta,true,1
23225744227127613717766633114613,alphabetaMO1,true,2
6245315676125735441136636227457325214137,alphabeta,true,0
6245315676125735441136636227457325214137,alphabetaMO1,true,0
315572632753642126526461431432,alphabeta,true,244
315572632753642126526461431432,alphabetaMO1,true,65
31156377761323521533645257757,alphabeta,true,12
31156377761323521533645257757,alphabetaMO1,true,2
76667254676674254555745112142711,alphabeta,true,24
76667254676674254555745112142711,alphabetaMO1,true,15
42256112547344662335632375234664751157,alphabeta,true,0
42256112547344662335632375234664751157,alphabetaMO1,true,0
446344376542772437261323626216317,alphabeta,true,1
446344376542772437261323626216317,alphabetaMO1,true,1
736735536662233125221645231174161747474,alphabeta,true,0
736735536662233125221645231174161747474,alphabetaMO1,true,0
112457643525452232121777734413736154356,alphabeta,true,0
112457643525452232121777734413736154356,alphabetaMO1,true,0
3324712115377752153334227146256,alphabeta,true,17
3324712115377752153334227146256,alphabetaMO1,true,21
217367375336313761566477521556415,alphabeta,true,0
217367375336313761566477521556415,alphabetaMO1,true,0
574613716631655465371534672443752241,alphabeta,true,5
574613716631655465371534672443752241,alphabetaMO1,true,6
62135524454472424712277155561,alphabeta,true,149
62135524454472424712277155561,alphabetaMO1,true,77
373357235337542177155572244111612264,alphabeta,true,0
373357235337542177155572244111612264,alphabetaMO1,true,0
6624634624356761732554377255343271754,alphabeta,true,1
6624634624356761732554377255343271754,alphabetaMO1,true,1
643744215561171257717355451466224,alphabeta,true,10
643744215561171257717355451466224,alphabetaMO1,true,13
223653332753242251655476671167541677,alphabeta,true,1
223653332753242251655476671167541677,alphabetaMO1,true,1
72435116367432615375446632372672127,alphabeta,true,8
72435116367432615375446632372672127,alphabetaMO1,true,7
773443147153361661556344777341156556,alphabeta,true,0
773443147153361661556344777341156556,alphabetaMO1,true,0
56274563661245177154734234673,alphabeta,true,1105
56274563661245177154734234673,alphabetaMO1,true,189
73752151652271132154477417355443243636,alphabeta,true,0
73752151652271132154477417355443243636,alphabetaMO1,true,0
242677727447652422765165411533111,alphabeta,true,8
242677727447652422765165411533111,alphabetaMO1,true,7
52332734325736161165177246571361,alphabeta,true,2
52332734325736161165177246571361,alphabetaMO1,true,9
721625337652353776633166217224,alphabeta,true,5
721625337652353776633166217224,alphabetaMO1,true,1
4213475457617611441224613556575,alphabeta,true,74
4213475457617611441224613556575,alphabetaMO1,true,107
15153233665512265253266243367171,alphabeta,true,6
15153233665512265253266243367171,alphabetaMO1,true,8
25567612321766542715753451236,alphabeta,true,821
25567612321766542715753451236,alphabetaMO1,true,916
2135616344362616617444333774221777125,alphabeta,true,0
2135616344362616617444333774221777125,alphabetaMO1,true,0
64261557453565765234637331431614777122,alphabeta,true,1
64261557453565765234637331431614777122,alphabetaMO1,true,1
21256255675641611566521727713372,alphabeta,true,4
21256255675641611566521727713372,alphabetaMO1,true,4
63431611215716125654643233632,alphabeta,true,35
63431611215716125654643233632,alphabetaMO1,true,13
333365225526525363521266677117777411,alphabeta,true,0
333365225526525363521266677117777411,alphabetaMO1,true,0
217575357156625263236237561376,alphabeta,true,29
217575357156625263236237561376,alphabetaMO1,true,6
3661776616547716114455577345433215,alphabeta,true,0
3661776616547716114455577345433215,alphabetaMO1,true,0
5543166113414677212361372446343552752572,alphabeta,true,0
5543166113414677212361372446343552752572,alphabetaMO1,true,0
16357157437461355316457465722,alphabeta,true,2067
16357157437461355316457465722,alphabetaMO1,true,226
76447166434364334263563717555522715,alphabeta,true,1
76447166434364334263563717555522715,alphabetaMO1,true,1
212252612764665623614335555417417744373,alphabeta,true,0
212252612764665623614335555417417744373,alphabetaMO1,true,0
1221335621427137763515717733425552,alphabeta,true,0
1221335621427137763515717733425552,alphabetaMO1,true,0
4671167123231352464737331514674476,alphabeta,true,9
4671167123231352464737331514674476,alphabetaMO1,true,10
7653574577236637612353564562423,alphabeta,true,1
7653574577236637612353564562423,alphabetaMO1,true,2
176775532231471135515346344757463,alphabeta,true,5
176775532231471135515346344757463,alphabetaMO1,true,3
57643325577113252235761716712332,alphabeta,true,6
57643325577113252235761716712332,alphabetaMO1,true,5
32114125125351447166362752355326644364777,alphabeta,true,0
32114125125351447166362752355326644364777,alphabetaMO1,true,0
52367125716447142464421775212367531635653,alphabeta,true,0
52367125716447142464421775212367531635653,alphabetaMO1,true,0
43312514245164525645617747253326616712,alphabeta,true,0
43312514245164525645617747253326616712,alphabetaMO1,true,0
44265456634726327751646317142111337227355,alphabeta,true,0
44265456634726327751646317142111337227355,alphabetaMO1,true,0
54136437113623141233715577445654,alphabeta,true,3
54136437113623141233715577445654,alphabetaMO1,true,3
64651644262122726724773774415,alphabeta,true,7
64651644262122726724773774415,alphabetaMO1,true,8
77231757163525755322112211433,alphabeta,true,0
77231757163525755322112211433,alphabetaMO1,true,0
717363143443212232161127257737,alphabeta,true,3
717363143443212232161127257737,alphabetaMO1,true,4
414321636734576356317437271722,alphabeta,true,148
414321636734576356317437271722,alphabetaMO1,true,105
7121546761131247352576612566574,alphabeta,true,1
7121546761131247352576612566574,alphabetaMO1,true,1
65273224422416624144567351356177671,alphabeta,true,1
65273224422416624144567351356177671,alphabetaMO1,true,1
2356112153166461753753763461773755,alphabeta,true,1
2356112153166461753753763461773755,alphabetaMO1,true,0
21661115424451727657245344137266376,alphabeta,true,6
21661115424451727657245344137266376,alphabetaMO1,true,9
1673663364573443673174525672111,alphabeta,true,1
1673663364573443673174525672111,alphabetaMO1,true,1
6343473231362375744462122116477517616555,alphabeta,true,0
6343473231362375744462122116477517616555,alphabetaMO1,true,0
24651541716752717557752233621662146,alphabeta,true,1
24651541716752717557752233621662146,alphabetaMO1,true,0
47321142161447522575472655217,alphabeta,true,50
47321142161447522575472655217,alphabetaMO1,true,61
75635436317334372651666521125725,alphabeta,true,45
75635436317334372651666521125725,alphabetaMO1,true,25
23472226421545132111663333156654445,alphabeta,true,2
23472226421545132111663333156654445,alphabetaMO1,true,2
34134464767445616723117677622135351352522,alphabeta,true,0
34134464767445616723117677622135351352522,alphabetaMO1,true,0
62153765517527517241122675127634,alphabeta,true,2
62153765517527517241122675127634,alphabetaMO1,true,2
311125152367631362215754752676,alphabeta,true,18
311125152367631362215754752676,alphabetaMO1,true,20
123566473641132215541246512233376,alphabeta,true,54
123566473641132215541246512233376,alphabetaMO1,true,59
3541732433215115744547214165573,alphabeta,true,17
3541732433215115744547214165573,alphabetaMO1,true,17
32337276337126575366547525764,alphabeta,true,1
32337276337126575366547525764,alphabetaMO1,true,1
123757243333312277546164667556,alphabeta,true,2
123757243333312277546164667556,alphabetaMO1,true,2
52656511211115577752336327763624,alphabeta,true,7
52656511211115577752336327763624,alphabetaMO1,true,10
26653141761671312332253314664,alphabeta,true,4
26653141761671312332253314664,alphabetaMO1,true,2
7457277551334527431454273243326,alphabeta,true,8
7457277551334527431454273243326,alphabetaMO1,true,6
66423144714716237712674611622,alphabeta,true,26
66423144714716237712674611622,alphabetaMO1,true,26
37757362642531314766772561145,alphabeta,true,1537
37757362642531314766772561145,alphabetaMO1,true,9
1337647147472552274274253556416,alphabeta,true,67
1337647147472552274274253556416,alphabetaMO1,true,88
2747142117646574522342471157552,alphabeta,true,18
2747142117646574522342471157552,alphabetaMO1,true,110
632231125244312713614437265147,alphabeta,true,14
632231125244312713614437265147,alphabetaMO1,true,15
34212323764364324777731172666421,alphabeta,true,3
34212323764364324777731172666421,alphabetaMO1,true,4
6526125357327645242264151445764133177173,alphabeta,true,0
6526125357327645242264151445764133177173,alphabetaMO1,true,0
3671611461453565127123762742327367,alphabeta,true,0
3671611461453565127123762742327367,alphabetaMO1,true,0
66352133753134321527124251655,alphabeta,true,1
66352133753134321527124251655,alphabetaMO1,true,1
512731675216777764255326525213664,alphabeta,true,4
512731675216777764255326525213664,alphabetaMO1,true,3
1531435732333212612244546142577545167,alphabeta,true,0
1531435732333212612244546142577545167,alphabetaMO1,true,1
255714773527756331213332562266761651,alphabeta,true,0
255714773527756331213332562266761651,alphabetaMO1,true,0
652622457744712261161151524377437665,alphabeta,true,0
652622457744712261161151524377437665,alphabetaMO1,true,0
37164272574644772413136432723136112,alphabeta,true,1
37164272574644772413136432723136112,alphabetaMO1,true,1
1562426121115265164467434326333347,alphabeta,true,3
1562426121115265164467434326333347,alphabetaMO1,true,2
32767757347472134426463252243531,alphabeta,true,4
32767757347472134426463252243531,alphabetaMO1,true,3
32565573473441242365352352174111,alphabeta,true,122
32565573473441242365352352174111,alphabetaMO1,true,106
235242634742751114771151273327534,alphabeta,true,4
235242634742751114771151273327534,alphabetaMO1,true,4
1341365672565222456324127167611355,alphabeta,true,2
1341365672565222456324127167611355,alphabetaMO1,true,3
347573633637564217545173151176,alphabeta,true,55
347573633637564217545173151176,alphabetaMO1,true,17
63317344157716575511576544446336637,alphabeta,true,0
63317344157716575511576544446336637,alphabetaMO1,true,0
466556714734557661132163142571725733234,alphabeta,true,0
466556714734557661132163142571725733234,alphabetaMO1,true,0
46565523475775543244673642776,alphabeta,true,129
46565523475775543244673642776,alphabetaMO1,true,12
6657145337754463364426736452532251,alphabeta,true,10
6657145337754463364426736452532251,alphabetaMO1,true,19
5416733371775475526647216664154211432,alphabeta,true,2
5416733371775475526647216664154211432,alphabetaMO1,true,1
44141531464261746152361522272633353,alphabeta,true,0
44141531464261746152361522272633353,alphabetaMO1,true,0
27532222255173733671661347561673116455,alphabeta,true,0
27532222255173733671661347561673116455,alphabetaMO1,true,0
1151531661241466367643773474277334,alphabeta,true,0
1151531661241466367643773474277334,alphabetaMO1,true,0
145141222513336124744231265636,alphabeta,true,14
145141222513336124744231265636,alphabetaMO1,true,14
12313376231416627467311575477422324,alphabeta,true,1
12313376231416627467311575477422324,alphabetaMO1,true,1
3555246211115643412613433434525722666777,alphabeta,true,0
3555246211115643412613433434525722666777,alphabetaMO1,true,0
31166737561755614276535451476,alphabeta,true,126
31166737561755614276535451476,alphabetaMO1,true,78
5711156631633426717543545531444,alphabeta,true,7
5711156631633426717543545531444,alphabetaMO1,true,7
137463455511162654337263314545726417,alphabeta,true,2
137463455511162654337263314545726417,alphabetaMO1,true,3
42145646525436155351662346233277132147177,alphabeta,true,0
42145646525436155351662346233277132147177,alphabetaMO1,true,0
3517415417525135241443324316562662737,alphabeta,true,1
3517415417525135241443324316562662737,alphabetaMO1,true,1
3154662674647643267252473141221335377155,alphabeta,true,0
3154662674647643267252473141221335377155,alphabetaMO1,true,0
31257523427244262113613757335416144666557,alphabeta,true,0
31257523427244262113613757335416144666557,alphabetaMO1,true,0
277731532632311772743463124655611524,alphabeta,true,2
277731532632311772743463124655611524,alphabetaMO1,true,2
2725343164464226633214751621477367571135,alphabeta,true,0
2725343164464226633214751621477367571135,alphabetaMO1,true,0
1636351342324735372417422165547616715264,alphabeta,true,0
1636351342324735372417422165547616715264,alphabetaMO1,true,0
2262377133632517135535275562764,alphabeta,true,0
2262377133632517135535275562764,alphabetaMO1,true,0
7637346211517537611565233176372252652,alphabeta,true,0
7637346211517537611565233176372252652,alphabetaMO1,true,0
13165377745111143272264765634,alphabeta,true,2008
13165377745111143272264765634,alphabetaMO1,true,522
41566616767264122441474221371,alphabeta,true,1
41566616767264122441474221371,alphabetaMO1,true,1
2261162514277464457255271557416,alphabeta,true,19
2261162514277464457255271557416,alphabetaMO1,true,21
164375666125332772542525777632153,alphabeta,true,10
164375666125332772542525777632153,alphabetaMO1,true,6
2333164733147765123176427726455,alphabeta,true,269
2333164733147765123176427726455,alphabetaMO1,true,84
6644162553662767747233372271141155124,alphabeta,true,2
6644162553662767747233372271141155124,alphabetaMO1,true,1
64224313626736122361457625153357557,alphabeta,true,0
64224313626736122361457625153357557,alphabetaMO1,true,0
66741676123567517152265335537122,alphabeta,true,6
66741676123567517152265335537122,alphabetaMO1,true,20
565467743237614662472111544623151,alphabeta,true,12
565467743237614662472111544623151,alphabetaMO1,true,31
667552123166167427773246544132733234141,alphabeta,true,0
667552123166167427773246544132733234141,alphabetaMO1,true,0
16335632532657351166761251312257772744444,alphabeta,true,0
16335632532657351166761251312257772744444,alphabetaMO1,true,0
31642172575352155642273673177665,alphabeta,true,16
31642172575352155642273673177665,alphabetaMO1,true,21
13511662453152455434341327475372617627,alphabeta,true,1
13511662453152455434341327475372617627,alphabetaMO1,true,1
735227774352351756673153351661,alphabeta,true,58
735227774352351756673153351661,alphabetaMO1,true,10
6412741241416656543423132225515563673737,alphabeta,true,0
6412741241416656543423132225515563673737,alphabetaMO1,true,0
12174122355413123221354376347557666,alphabeta,true,5
12174122355413123221354376347557666,alphabetaMO1,true,5
65524116746761452272312211466773,alphabeta,true,5
65524116746761452272312211466773,alphabetaMO1,true,4
163621316357671174765712433522763225,alphabeta,true,0
163621316357671174765712433522763225,alphabetaMO1,true,0
3373333425754154212177421524124567751666,alphabeta,true,0
3373333425754154212177421524124567751666,alphabetaMO1,true,0
7111161746776522325125662335675,alphabeta,true,1
7111161746776522325125662335675,alphabetaMO1,true,1
125373233571366651355715676171,alphabeta,true,1
125373233571366651355715676171,alphabetaMO1,true,1
6747527216175375372221542135411663463,alphabeta,true,5
6747527216175375372221542135411663463,alphabetaMO1,true,5
67613371771442116346353464252573276224,alphabeta,true,0
67613371771442116346353464252573276224,alphabetaMO1,true,0
1257565225743471213561141346656,alphabeta,true,119
1257565225743471213561141346656,alphabetaMO1,true,134
6661475744771611421164555347653572,alphabeta,true,2
6661475744771611421164555347653572,alphabetaMO1,true,3
337237253114612234211443144777662,alphabeta,true,8
337237253114612234211443144777662,alphabetaMO1,true,2
542633536557752423671775344137144662211,alphabeta,true,0
542633536557752423671775344137144662211,alphabetaMO1,true,0
65717726147267564511143721656353323235,alphabeta,true,1
65717726147267564511143721656353323235,alphabetaMO1,true,0
33315232532536522255776676771417,alphabeta,true,4
33315232532536522255776676771417,alphabetaMO1,true,4
6766776472546136222241751157123,alphabeta,true,27
6766776472546136222241751157123,alphabetaMO1,true,17
422222156133167631554651152753,alphabeta,true,13
422222156133167631554651152753,alphabetaMO1,true,14
5214755635126461522521461126773673333,alphabeta,true,1
5214755635126461522521461126773673333,alphabetaMO1,true,1
652561127316143371636336577714,alphabeta,true,1
652561127316143371636336577714,alphabetaMO1,true,1
322627377322253361556556361647117,alphabeta,true,7
322627377322253361556556361647117,alphabetaMO1,true,5
6425725522134727466526354763776411534,alphabeta,true,0
6425725522134727466526354763776411534,alphabetaMO1,true,0
3361746361174316152431577737444,alphabeta,true,13
3361746361174316152431577737444,alphabetaMO1,true,15
6521345223443523573544527632161471611776,alphabeta,true,0
6521345223443523573544527632161471611776,alphabetaMO1,true,0
34365567111741774461456416762,alphabeta,true,110
34365567111741774461456416762,alphabetaMO1,true,26
711662362622545741264717732764354331,alphabeta,true,2
711662362622545741264717732764354331,alphabetaMO1,true,2
72253427775435214676425424751163131656,alphabeta,true,0
72253427775435214676425424751163131656,alphabetaMO1,true,0
761455464533536251373326526272,alphabeta,true,35
761455464533536251373326526272,alphabetaMO1,true,46
663521335231247532623656165141721,alphabeta,true,3
663521335231247532623656165141721,alphabetaMO1,true,3
6311245126456111354544535742363626732,alphabeta,true,0
6311245126456111354544535742363626732,alphabetaMO1,true,0
155751761556765327717242643623341361434,alphabeta,true,0
155751761556765327717242643623341361434,alphabetaMO1,true,0
34745742262737216223746744556155135,alphabeta,true,1
34745742262737216223746744556155135,alphabetaMO1,true,1
4575711717224162347756161665364545,alphabeta,true,2
4575711717224162347756161665364545,alphabetaMO1,true,3
17212775541472532747241521554134,alphabeta,true,0
17212775541472532747241521554134,alphabetaMO1,true,0
6673751626454151117466134352334347,alphabeta,true,2
6673751626454151117466134352334347,alphabetaMO1,true,1
27717266166241616523375474115452457234,alphabeta,true,0
27717266166241616523375474115452457234,alphabetaMO1,true,0
2121274337361431125167732672743664,alphabeta,true,1
2121274337361431125167732672743664,alphabetaMO1,true,1
661112533463763263736222214745175,alphabeta,true,5
661112533463763263736222214745175,alphabetaMO1,true,7
33567134423731142424124773772126516566555,alphabeta,true,0
33567134423731142424124773772126516566555,alphabetaMO1,true,0
42164731432714617152715657254374325,alphabeta,true,6
42164731432714617152715657254374325,alphabetaMO1,true,6
327766371112744466651323334674721,alphabeta,true,12
327766371112744466651323334674721,alphabetaMO1,true,12
3743473142223477134365214527555,alphabeta,true,2
3743473142223477134365214527555,alphabetaMO1,true,5
6627147342711525531721513255667274,alphabeta,true,0
6627147342711525531721513255667274,alphabetaMO1,true,0
632315176426217612621167724553757554,alphabeta,true,0
632315176426217612621167724553757554,alphabetaMO1,true,0
4664547423274211457613363372625321575,alphabeta,true,1
4664547423274211457613363372625321575,alphabetaMO1,true,1
145331272416656356352446536172157341242,alphabeta,true,0
145331272416656356352446536172157341242,alphabetaMO1,true,0
721177254731452665134452231523343,alphabeta,true,17
721177254731452665134452231523343,alphabetaMO1,true,12
43553543371364314226112174622765672416,alphabeta,true,0
43553543371364314226112174622765672416,alphabetaMO1,true,0
5772624547777336225413423114425536311651,alphabeta,true,0
5772624547777336225413423114425536311651,alphabetaMO1,true,0
57726374621527421154442255645,alphabeta,true,116
57726374621527421154442255645,alphabetaMO1,true,88
42775726674562766555111247335,alphabeta,true,183
42775726674562766555111247335,alphabetaMO1,true,44
71643173322326223621635654454455471,alphabeta,true,8
71643173322326223621635654454455471,alphabetaMO1,true,8
273321644324553512212337116765775667,alphabeta,true,2
273321644324553512212337116765775667,alphabetaMO1,true,2
5445136116243374514115245733727232562776,alphabeta,true,0
5445136116243374514115245733727232562776,alphabetaMO1,true,0
34624274477436571554632661775532531621,alphabeta,true,1
34624274477436571554632661775532531621,alphabetaMO1,true,1
54532771754417521344214532651637672662133,alphabeta,true,0
54532771754417521344214532651637672662133,alphabetaMO1,true,0
24347224354721735325521134145367,alphabeta,true,6
24347224354721735325521134145367,alphabetaMO1,true,9
413345257317271372326731112756,alphabeta,true,20
413345257317271372326731112756,alphabetaMO1,true,28
16414523423334744562777622555732367151,alphabeta,true,0
16414523423334744562777622555732367151,alphabetaMO1,true,0
3117642174635255135165142646265334,alphabeta,true,7
3117642174635255135165142646265334,alphabetaMO1,true,7
143373574625524534245527366276376,alphabeta,true,58
143373574625524534245527366276376,alphabetaMO1,true,14
2235671114632235556631476252731514764,alphabeta,true,3
2235671114632235556631476252731514764,alphabetaMO1,true,3
31335343341746451254772455211152,alphabeta,true,4
31335343341746451254772455211152,alphabetaMO1,true,4
753251772712214225533571143576336,alphabeta,true,6
753251772712214225533571143576336,alphabetaMO1,true,5
36436712636312262747564435354221157155417,alphabeta,true,0
36436712636312262747564435354221157155417,alphabetaMO1,true,0
16447613651343673256417435677,alphabeta,true,328
16447613651343673256417435677,alphabetaMO1,true,83
661261745732573553534524211462,alphabeta,true,272
661261745732573553534524211462,alphabetaMO1,true,134
6475543225752537774611345327424661,alphabeta,true,12
6475543225752537774611345327424661,alphabetaMO1,true,7
3661615617223165121575536773372,alphabeta,true,1
3661615617223165121575536773372,alphabetaMO1,true,1
226566722351715771221663355513,alphabeta,true,11
226566722351715771221663355513,alphabetaMO1,true,17
72123516511573357645674251664473221474362,alphabeta,true,0
72123516511573357645674251664473221474362,alphabetaMO1,true,0
6464272342151366263771122446777,alphabeta,true,12
6464272342151366263771122446777,alphabetaMO1,true,8
7112617117731566576545246332537644,alphabeta,true,14
7112617117731566576545246332537644,alphabetaMO1,true,7
5662243427124124732554651756431577671631,alphabeta,true,0
5662243427124124732554651756431577671631,alphabetaMO1,true,0
13372156522116541375144722233,alphabeta,true,55
13372156522116541375144722233,alphabetaMO1,true,77
21753636471436536632746137457,alphabeta,true,303
21753636471436536632746137457,alphabetaMO1,true,159
734434213447646677311117626517625355352,alphabeta,true,0
734434213447646677311117626517625355352,alphabetaMO1,true,0
555411363726727347244532216453275643,alphabeta,true,3
555411363726727347244532216453275643,alphabetaMO1,true,3
16325364211217677773517623223146,alphabeta,true,10
16325364211217677773517623223146,alphabetaMO1,true,9
355571511147442372374362417616766425332,alphabeta,true,0
355571511147442372374362417616766425332,alphabetaMO1,true,0
5775741221374232641152533445774131,alphabeta,true,5
5775741221374232641152533445774131,alphabetaMO1,true,1
432511664374172512344176535363122,alphabeta,true,21
432511664374172512344176535363122,alphabetaMO1,true,18
13174451553575235716217163424667237644,alphabeta,true,0
13174451553575235716217163424667237644,alphabetaMO1,true,1
6732734423651556322332614554564727167,alphabeta,true,1
6732734423651556322332614554564727167,alphabetaMO1,true,1
35634733475563567765475734614246,alphabeta,true,7
35634733475563567765475734614246,alphabetaMO1,true,4
7743357443341311531455425775171,alphabeta,true,1
7743357443341311531455425775171,alphabetaMO1,true,1
1172371234135755714625514723265276,alphabeta,true,1
1172371234135755714625514723265276,alphabetaMO1,true,1
74115176431112722756723637656,alphabeta,true,1933
74115176431112722756723637656,alphabetaMO1,true,548
71771223334566262271616437467112355553,alphabeta,true,0
71771223334566262271616437467112355553,alphabetaMO1,true,0
3626635443466471415741277267725235132311,alphabeta,true,0
3626635443466471415741277267725235132311,alphabetaMO1,true,0
65211452722676215564475711153773,alphabeta,true,19
65211452722676215564475711153773,alphabetaMO1,true,20
63634736425147221675347572645763152453,alphabeta,true,0
63634736425147221675347572645763152453,alphabetaMO1,true,0
1163522166111223772433736374466,alphabeta,true,14
1163522166111223772433736374466,alphabetaMO1,true,16
322561126552253236466517775714737,alphabeta,true,5
322561126552253236466517775714737,alphabetaMO1,true,10
665161347545545635162742244772,alphabeta,true,359
665161347545545635162742244772,alphabetaMO1,true,135
62455157511415335477613441247632336,alphabeta,true,9
62455157511415335477613441247632336,alphabetaMO1,true,9
2465423364264634624535237327557161,alphabeta,true,6
2465423364264634624535237327557161,alphabetaMO1,true,4
7242261663335221657637541472673,alphabeta,true,14
7242261663335221657637541472673,alphabetaMO1,true,9
34767211234546537225571614622534,alphabeta,true,51
34767211234546537225571614622534,alphabetaMO1,true,53
1454357573575356774764312426226432613116,alphabeta,true,0
1454357573575356774764312426226432613116,alphabetaMO1,true,0
65375466652263277562515733472273,alphabeta,true,3
65375466652263277562515733472273,alphabetaMO1,true,1
24134741436614532122263135527,alphabeta,true,70
24134741436614532122263135527,alphabetaMO1,true,68
13262762123156772757355675115,alphabeta,true,26
13262762123156772757355675115,alphabetaMO1,true,32
4623623436635143471277367647112475151,alphabeta,true,0
4623623436635143471277367647112475151,alphabetaMO1,true,0
325631767156755733246634443556447,alphabeta,true,9
325631767156755733246634443556447,alphabetaMO1,true,13
57716615671266226113424413477447223,alphabeta,true,0
57716615671266226113424413477447223,alphabetaMO1,true,0
3153117711565731736573235675642,alphabeta,true,2
3153117711565731736573235675642,alphabetaMO1,true,1
127214711433777433452647315636616,alphabeta,true,9
127214711433777433452647315636616,alphabetaMO1,true,9
414773771447236454317323166531155,alphabeta,true,1
414773771447236454317323166531155,alphabetaMO1,true,1
61366712252351731666355237113545472,alphabeta,true,1
61366712252351731666355237113545472,alphabetaMO1,true,1
753776461373521661217257661445,alphabeta,true,131
753776461373521661217257661445,alphabetaMO1,true,3
257761263773623452261757426364334,alphabeta,true,4
257761263773623452261757426364334,alphabetaMO1,true,5
47126616646675152277455541752,alphabeta,true,5
47126616646675152277455541752,alphabetaMO1,true,11
4225717251532614262135335775137341744,alphabeta,true,0
4225717251532614262135335775137341744,alphabetaMO1,true,0
743565555543742633174237132764764261162,alphabeta,true,0
743565555543742633174237132764764261162,alphabetaMO1,true,0
515327557217775251466674644636,alphabeta,true,64
515327557217775251466674644636,alphabetaMO1,true,64
4715231327333632224461742611174655557,alphabeta,true,1
4715231327333632224461742611174655557,alphabetaMO1,true,1
52345374752136221355427725716614763,alphabeta,true,4
52345374752136221355427725716614763,alphabetaMO1,true,4
1442536341247366336514516475213,alphabeta,true,41
1442536341247366336514516475213,alphabetaMO1,true,39
1447211127246762517431623746724,alphabeta,true,18
1447211127246762517431623746724,alphabetaMO1,true,18
21534522566211465727124114446673756757,alphabeta,true,0
21534522566211465727124114446673756757,alphabetaMO1,true,0
5632315477215443353314661645411,alphabeta,true,0
5632315477215443353314661645411,alphabetaMO1,true,0
74664616452547232271726175675453511341323,alphabeta,true,0
74664616452547232271726175675453511341323,alphabetaMO1,true,0
6331611634742273353164715241474225672,alphabeta,true,0
6331611634742273353164715241474225672,alphabetaMO1,true,0
77666747162213253651715675422115,alphabeta,true,10
77666747162213253651715675422115,alphabetaMO1,true,16
54212173226217333143117374655456772,alphabeta,true,2
54212173226217333143117374655456772,alphabetaMO1,true,3
47367117571174336562354246612527535,alphabeta,true,1
47367117571174336562354246612527535,alphabetaMO1,true,1
11231327776666516713362172743542543244545,alphabeta,true,0
11231327776666516713362172743542543244545,alphabetaMO1,true,0
63255452343412414631452116137577,alphabeta,true,98
63255452343412414631452116137577,alphabetaMO1,true,61
57345254442614322516126277477163165633713,alphabeta,true,0
57345254442614322516126277477163165633713,alphabetaMO1,true,0
67141265225526663556741531473174441773323,alphabeta,true,0
67141265225526663556741531473174441773323,alphabetaMO1,true,0
57226271172243761251744347166,alphabeta,true,285
57226271172243761251744347166,alphabetaMO1,true,161
165271233511537244127774372321,alphabeta,true,197
165271233511537244127774372321,alphabetaMO1,true,146
566534627415342753162244615637277,alphabeta,true,101
566534627415342753162244615637277,alphabetaMO1,true,58
4247233367671177714463213355225216541,alphabeta,true,0
4247233367671177714463213355225216541,alphabetaMO1,true,1
4246176157162324656364417451125,alphabeta,true,18
4246176157162324656364417451125,alphabetaMO1,true,15
3153555612263315752674617716713,alphabeta,true,19
3153555612263315752674617716713,alphabetaMO1,true,24
2634634464243173223157432217115175665,alphabeta,true,2
2634634464243173223157432217115175665,alphabetaMO1,true,2
231251177771374724134352622533154,alphabeta,true,2
231251177771374724134352622533154,alphabetaMO1,true,1
6751612364764535345763154736711123222,alphabeta,true,1
6751612364764535345763154736711123222,alphabetaMO1,true,1
7114662226673322515214311453654567434,alphabeta,true,1
7114662226673322515214311453654567434,alphabetaMO1,true,1
745125654311136743663356364254147,alphabeta,true,2
745125654311136743663356364254147,alphabetaMO1,true,2
615765437654474147146722317312266533355,alphabeta,true,0
615765437654474147146722317312266533355,alphabetaMO1,true,0
7767646623333216716523351477214452144,alphabeta,true,1
7767646623333216716523351477214452144,alphabetaMO1,true,1
514521234416451672731244773132,alphabeta,true,5
514521234416451672731244773132,alphabetaMO1,true,6
72271763315614627743252652743535115,alphabeta,true,1
72271763315614627743252652743535115,alphabetaMO1,true,1
4571146442117455466272162221663,alphabeta,true,1
4571146442117455466272162221663,alphabetaMO1,true,1
77277616712251116226166333353,alphabeta,true,7
77277616712251116226166333353,alphabetaMO1,true,1
331572577161151457672516526726233332,alphabeta,true,0
331572577161151457672516526726233332,alphabetaMO1,true,0
5123456751371336677141363224622241776,alphabeta,true,0
5123456751371336677141363224622241776,alphabetaMO1,true,0
267636614111373514746743472647,alphabeta,true,50
267636614111373514746743472647,alphabetaMO1,true,58
76315777546566214173722211252541664434533,alphabeta,true,0
76315777546566214173722211252541664434533,alphabetaMO1,true,0
6731327632477557721623661621542315413,alphabeta,true,1
6731327632477557721623661621542315413,alphabetaMO1,true,1
61272765766122523563561552711414,alphabeta,true,0
61272765766122523563561552711414,alphabetaMO1,true,0
5351574123234725346225737241661537467166,alphabeta,true,0
5351574123234725346225737241661537467166,alphabetaMO1,true,0
5422762363661347556254673311527244457317,alphabeta,true,0
5422762363661347556254673311527244457317,alphabetaMO1,true,0
765774461275372466515722431566244,alphabeta,true,16
765774461275372466515722431566244,alphabetaMO1,true,9
466434543746536133422236267752257771551,alphabeta,true,0
466434543746536133422236267752257771551,alphabetaMO1,true,0
7527146313711162333427144255752,alphabeta,true,18
7527146313711162333427144255752,alphabetaMO1,true,5
15312553532356723125741161326,alphabeta,true,17
15312553532356723125741161326,alphabetaMO1,true,18
114174123745162241224524355363376,alphabeta,true,3
114174123745162241224524355363376,alphabetaMO1,true,3
1215446566477764452251772612462137335,alphabeta,true,1
1215446566477764452251772612462137335,alphabetaMO1,true,2
424417677226524462435517775623,alphabeta,true,339
424417677226524462435517775623,alphabetaMO1,true,194
3734223265641354262367417366174152411,alphabeta,true,0
3734223265641354262367417366174152411,alphabetaMO1,true,0
25655571117634617237115757462,alphabeta,true,0
25655571117634617237115757462,alphabetaMO1,true,0
351167211251217357363563732722745665446,alphabeta,true,0
351167211251217357363563732722745665446,alphabetaMO1,true,0
65621145465431211774545516476772633227,alphabeta,true,0
65621145465431211774545516476772633227,alphabetaMO1,true,0
37565656422461374513135111633462445722,alphabeta,true,0
37565656422461374513135111633462445722,alphabetaMO1,true,0
561241634164772443241317153533772256,alphabeta,true,0
561241634164772443241317153533772256,alphabetaMO1,true,0
1756316115376314514557364442763737,alphabeta,true,12
1756316115376314514557364442763737,alphabetaMO1,true,5
4344461316351435511346153777772265276256,alphabeta,true,0
4344461316351435511346153777772265276256,alphabetaMO1,true,0
73574426254444513315117313722165366652,alphabeta,true,0
73574426254444513315117313722165366652,alphabetaMO1,true,0
5551612722117445255461776647242766,alphabeta,true,1
5551612722117445255461776647242766,alphabetaMO1,true,1
264476457622231265764732533575357614,alphabeta,true,0
264476457622231265764732533575357614,alphabetaMO1,true,0
5641443736717375661211445735617355,alphabeta,true,1
5641443736717375661211445735617355,alphabetaMO1,true,2
456431251161346546337413661755475722,alphabeta,true,1
456431251161346546337413661755475722,alphabetaMO1,true,1
133323155255456712547337666124714744667,alphabeta,true,0
133323155255456712547337666124714744667,alphabetaMO1,true,0
4654424754216675341363625627233157,alphabeta,true,10
4654424754216675341363625627233157,alphabetaMO1,true,5
25556662662414754716552117243177721443333,alphabeta,true,0
25556662662414754716552117243177721443333,alphabetaMO1,true,0
372537746245757353222734156566134124646,alphabeta,true,0
372537746245757353222734156566134124646,alphabetaMO1,true,0
7667637124532377667252156125151251,alphabeta,true,0
7667637124532377667252156125151251,alphabetaMO1,true,0
272741134213755153756457523432234,alphabeta,true,5
272741134213755153756457523432234,alphabetaMO1,true,6
4664311232665133552346265225317,alphabeta,true,3
4664311232665133552346265225317,alphabetaMO1,true,4
16554776635657754263633524737,alphabeta,true,132
16554776635657754263633524737,alphabetaMO1,true,52
1141422265152155127333457534332467,alphabeta,true,0
1141422265152155127333457534332467,alphabetaMO1,true,0
572171752473122712746544432334556,alphabeta,true,5
572171752473122712746544432334556,alphabetaMO1,true,6
257377541277237366555261356241661124341,alphabeta,true,0
257377541277237366555261356241661124341,alphabetaMO1,true,0
431713416222114524617524366353662,alphabeta,true,6
431713416222114524617524366353662,alphabetaMO1,true,7
225613572645725446426523357443661731311,alphabeta,true,0
225613572645725446426523357443661731311,alphabetaMO1,true,0
21133324627173176133242271457,alphabeta,true,19
21133324627173176133242271457,alphabetaMO1,true,19
66566326634754527222334534472774371515,alphabeta,true,0
66566326634754527222334534472774371515,alphabetaMO1,true,0
647611167755746164225345162524317,alphabeta,true,14
647611167755746164225345162524317,alphabetaMO1,true,45
6774661116445335565411614333477327722255,alphabeta,true,0
6774661116445335565411614333477327722255,alphabetaMO1,true,0
4273677522745754742251255316463331,alphabeta,true,16
4273677522745754742251255316463331,alphabetaMO1,true,6
17715573426114611755552642663,alphabeta,true,332
17715573426114611755552642663,alphabetaMO1,true,379
3255221471436712442712657475116674,alphabeta,true,0
3255221471436712442712657475116674,alphabetaMO1,true,0
2565631153467266157223554732634734214417,alphabeta,true,0
2565631153467266157223554732634734214417,alphabetaMO1,true,0
37653677671174756453353654461,alphabeta,true,1105
37653677671174756453353654461,alphabetaMO1,true,111
227526377612753564555641667427,alphabeta,true,125
227526377612753564555641667427,alphabetaMO1,true,38
21567345333263675556376754117,alphabeta,true,18
21567345333263675556376754117,alphabetaMO1,true,1
45465621445663536547611425772312313231,alphabeta,true,0
45465621445663536547611425772312313231,alphabetaMO1,true,0
22312555341347244221635533745711174,alphabeta,true,1
22312555341347244221635533745711174,alphabetaMO1,true,1
44575513446562755321334667417,alphabeta,true,646
44575513446562755321334667417,alphabetaMO1,true,424
14467733764556622557111337563,alphabeta,true,413
14467733764556622557111337563,alphabetaMO1,true,4
27265464641744712641633225775162135755,alphabeta,true,0
27265464641744712641633225775162135755,alphabetaMO1,true,0
4162161744627147461455175556677,alphabeta,true,4
4162161744627147461455175556677,alphabetaMO1,true,7
416774441313347467212255312251555726,alphabeta,true,0
416774441313347467212255312251555726,alphabetaMO1,true,0
5573542542667132644257562771762611443,alphabeta,true,0
5573542542667132644257562771762611443,alphabetaMO1,true,0
1375662534373243566561524774234451262,alphabeta,true,0
1375662534373243566561524774234451262,alphabetaMO1,true,0
173157177711545414367533466522,alphabeta,true,1289
173157177711545414367533466522,alphabetaMO1,true,108
1577735644444425172211275661726651562333,alphabeta,true,0
1577735644444425172211275661726651562333,alphabetaMO1,true,0
5771212671426557544673657415412332432,alphabeta,true,1
5771212671426557544673657415412332432,alphabetaMO1,true,1
35732522317571333757574645161,alphabeta,true,32
35732522317571333757574645161,alphabetaMO1,true,48
44566312237511533655233212621516,alphabeta,true,0
44566312237511533655233212621516,alphabetaMO1,true,0
165117122214626147762767373523543454,alphabeta,true,3
165117122214626147762767373523543454,alphabetaMO1,true,3
252312417631117461423427724333466675,alphabeta,true,0
252312417631117461423427724333466675,alphabetaMO1,true,0
716576327725674166643275113313,alphabeta,true,46
716576327725674166643275113313,alphabetaMO1,true,2
677317125341756654225516126156,alphabeta,true,31
677317125341756654225516126156,alphabetaMO1,true,80
16322154225163161531266264734455753443777,alphabeta,true,0
16322154225163161531266264734455753443777,alphabetaMO1,true,0
62261332311367654223316776175477,alphabeta,true,2
62261332311367654223316776175477,alphabetaMO1,true,1
751667775362311135211365565673,alphabeta,true,7
751667775362311135211365565673,alphabetaMO1,true,2
517144566546152745415163633461332,alphabeta,true,5
517144566546152745415163633461332,alphabetaMO1,true,4
743274346515421633351177641473615725,alphabeta,true,1
743274346515421633351177641473615725,alphabetaMO1,true,1
75544116354166444216122752733513366,alphabeta,true,9
75544116354166444216122752733513366,alphabetaMO1,true,5
77236466277664574227544426235,alphabeta,true,0
77236466277664574227544426235,alphabetaMO1,true,0
41117416334762353624334465716,alphabeta,true,85
41117416334762353624334465716,alphabetaMO1,true,167
311725641613534242754551536426723717626,alphabeta,true,0
311725641613534242754551536426723717626,alphabetaMO1,true,0
355536255113117656662476113222777447234,alphabeta,true,0
355536255113117656662476113222777447234,alphabetaMO1,true,0
15765265455431461157336772722276,alphabeta,true,82
15765265455431461157336772722276,alphabetaMO1,true,103
64573477424531552223515712277633636461461,alphabeta,true,0
64573477424531552223515712277633636461461,alphabetaMO1,true,0
1253256674534747614322345243365165767127,alphabeta,true,0
1253256674534747614322345243365165767127,alphabetaMO1,true,0
43372332345372565522264714765175474166,alphabeta,true,0
43372332345372565522264714765175474166,alphabetaMO1,true,0
666564651117777726425324547334213115432,alphabeta,true,0
666564651117777726425324547334213115432,alphabetaMO1,true,0
24431131311734677465671273355,alphabeta,true,10
24431131311734677465671273355,alphabetaMO1,true,13
32341766636732426124344376221774157,alphabeta,true,0
32341766636732426124344376221774157,alphabetaMO1,true,0
66117352111164376542743477643753265222,alphabeta,true,0
66117352111164376542743477643753265222,alphabetaMO1,true,0
25143563416561727276265525671172443,alphabeta,true,0
25143563416561727276265525671172443,alphabetaMO1,true,0
57257376776735643232134132244416512466,alphabeta,true,0
57257376776735643232134132244416512466,alphabetaMO1,true,0
452671727324573577243353565663441466112,alphabeta,true,0
452671727324573577243353565663441466112,alphabetaMO1,true,0
4324257672451321612276661161553437354573,alphabeta,true,0
4324257672451321612276661161553437354573,alphabetaMO1,true,0
51464447236564127622711777642215635,alphabeta,true,1
51464447236564127622711777642215635,alphabetaMO1,true,0
66466231267562141722771752547,alphabeta,true,66
66466231267562141722771752547,alphabetaMO1,true,94
125414266141774422721724577335515653,alphabeta,true,0
125414266141774422721724577335515653,alphabetaMO1,true,0
1355666444564577347215516642217132172,alphabeta,true,1
1355666444564577347215516642217132172,alphabetaMO1,true,2
7414724452357121375347271213343,alphabeta,true,6
7414724452357121375347271213343,alphabetaMO1,true,9
4564624614113133173132276627326577572454,alphabeta,true,0
4564624614113133173132276627326577572454,alphabetaMO1,true,0
227461255644515547735242611241371733,alphabeta,true,3
227461255644515547735242611241371733,alphabetaMO1,true,3
71116361357751365265135643675,alphabeta,true,42
71116361357751365265135643675,alphabetaMO1,true,23
7724517331361752466156142565422723671,alphabeta,true,1
7724517331361752466156142565422723671,alphabetaMO1,true,1
566434335752131213744671753115622,alphabeta,true,43
566434335752131213744671753115622,alphabetaMO1,true,21
154475275752232456346145731134176176636,alphabeta,true,0
154475275752232456346145731134176176636,alphabetaMO1,true,0
5464623152573615427522315263766411174,alphabeta,true,2
5464623152573615427522315263766411174,alphabetaMO1,true,1
644337353421437231641121742175672276,alphabeta,true,1
644337353421437231641121742175672276,alphabetaMO1,true,1
77452163461375332415144631663462,alphabeta,true,16
77452163461375332415144631663462,alphabetaMO1,true,14
112474117116363777624426435645673322325,alphabeta,true,0
112474117116363777624426435645673322325,alphabetaMO1,true,0
67577456664115144612343263255,alphabeta,true,354
67577456664115144612343263255,alphabetaMO1,true,284
52312245332213751723113776576,alphabeta,true,23
52312245332213751723113776576,alphabetaMO1,true,29
2162366477132246524115112576364557547473,alphabeta,true,0
2162366477132246524115112576364557547473,alphabetaMO1,true,0
52412453557712754314233227433,alphabeta,true,28
52412453557712754314233227433,alphabetaMO1,true,22
5662362246131516744425675174211452577,alphabeta,true,0
5662362246131516744425675174211452577,alphabetaMO1,true,0
1341126544655447435326375763667211271,alphabeta,true,1
1341126544655447435326375763667211271,alphabetaMO1,true,1
211221747742137355511257752335,alphabeta,true,4
211221747742137355511257752335,alphabetaMO1,true,5
66144471237237132532267124134713475666,alphabeta,true,0
66144471237237132532267124134713475666,alphabetaMO1,true,0
13323367776541151176645615372,alphabeta,true,116
13323367776541151176645615372,alphabetaMO1,true,289
51211452226142632374651547371434557,alphabeta,true,1
51211452226142632374651547371434557,alphabetaMO1,true,1
45574464232656611247131134557617225772,alphabeta,true,0
45574464232656611247131134557617225772,alphabetaMO1,true,0
756714253265576644152426114147,alphabeta,true,43
756714253265576644152426114147,alphabetaMO1,true,29
227663351637533537556526212277,alphabeta,true,0
227663351637533537556526212277,alphabetaMO1,true,0
3146233333746272154216264717217174,alphabeta,true,1
3146233333746272154216264717217174,alphabetaMO1,true,1
71274112772156565512733133445353662267,alphabeta,true,0
71274112772156565512733133445353662267,alphabetaMO1,true,0
432561441554446661777235572167,alphabeta,true,1
432561441554446661777235572167,alphabetaMO1,true,1
14266355125454274177547737461235333121266,alphabeta,true,0
14266355125454274177547737461235333121266,alphabetaMO1,true,0
34371421232441511266632441335662675775775,alphabeta,true,0
34371421232441511266632441335662675775775,alphabetaMO1,true,0
7426636737262366414372747154341212311,alphabeta,true,0
7426636737262366414372747154341212311,alphabetaMO1,true,0
4564544721733465227237135571572,alphabeta,true,143
4564544721733465227237135571572,alphabetaMO1,true,46
644534724512136443352377615226551762677,alphabeta,true,0
644534724512136443352377615226551762677,alphabetaMO1,true,0
16345751243276211512716327647572,alphabeta,true,42
16345751243276211512716327647572,alphabetaMO1,true,15
16574443373124423222624311117537,alphabeta,true,0
16574443373124423222624311117537,alphabetaMO1,true,0
2227611433563132523765261455157413466774,alphabeta,true,0
2227611433563132523765261455157413466774,alphabetaMO1,true,0
375377111222237236716147314565324454545,alphabeta,true,0
375377111222237236716147314565324454545,alphabetaMO1,true,0
36567362271455275762755373223,alphabeta,true,816
36567362271455275762755373223,alphabetaMO1,true,161
44357277524277345615554676632416123363211,alphabeta,true,0
44357277524277345615554676632416123363211,alphabetaMO1,true,0
1421135632134425715633123444226,alphabeta,true,2
1421135632134425715633123444226,alphabetaMO1,true,2
735351767261163335115563615627442472442,alphabeta,true,0
735351767261163335115563615627442472442,alphabetaMO1,true,0
12771277166173121763445444645626253253355,alphabeta,true,0
12771277166173121763445444645626253253355,alphabetaMO1,true,0
571214213234275342433525736671,alphabeta,true,210
571214213234275342433525736671,alphabetaMO1,true,137
2365475341225412352557772771431,alphabeta,true,22
2365475341225412352557772771431,alphabetaMO1,true,11
22337571522744461216743644233157516367651,alphabeta,true,0
22337571522744461216743644233157516367651,alphabetaMO1,true,0
71346511272336731362575255537226,alphabeta,true,11
71346511272336731362575255537226,alphabetaMO1,true,17
67516321227736642456517311732367354545442,alphabeta,true,0
67516321227736642456517311732367354545442,alphabetaMO1,true,0
23631614653245753741741237415622156523674,alphabeta,true,0
23631614653245753741741237415622156523674,alphabetaMO1,true,0
66676253776147255524542256324374341,alphabeta,true,3
66676253776147255524542256324374341,alphabetaMO1,true,3
64367224743145634451277323556277356,alphabeta,true,1
64367224743145634451277323556277356,alphabetaMO1,true,1
116465766145465461441325333152253272,alphabeta,true,0
116465766145465461441325333152253272,alphabetaMO1,true,0
655423234456363132266355745611,alphabeta,true,28
655423234456363132266355745611,alphabetaMO1,true,18
11121173235617667535623376223754645,alphabeta,true,2
11121173235617667535623376223754645,alphabetaMO1,true,3
54477517622223774172333464314215631661655,alphabeta,true,0
54477517622223774172333464314215631661655,alphabetaMO1,true,0
627421665257773415446143632311,alphabeta,true,309
627421665257773415446143632311,alphabetaMO1,true,255
222576154742664675711474532423516713,alphabeta,true,2
222576154742664675711474532423516713,alphabetaMO1,true,2
17266472313616544276542174246,alphabeta,true,13
17266472313616544276542174246,alphabetaMO1,true,12
27761437552661725544741733266152263,alphabeta,true,2
27761437552661725544741733266152263,alphabetaMO1,true,2
6453543255116723147112424512365323677,alphabeta,true,2
6453543255116723147112424512365323677,alphabetaMO1,true,2
11254314235672635627342314754275,alphabeta,true,88
11254314235672635627342314754275,alphabetaMO1,true,71
6275437715675135211432761564336,alphabeta,true,348
6275437715675135211432761564336,alphabetaMO1,true,129
4116251267273351543447553415422671266,alphabeta,true,1
4116251267273351543447553415422671266,alphabetaMO1,true,1
56621346673366215474334122311755,alphabeta,true,131
56621346673366215474334122311755,alphabetaMO1,true,41
515365445455376436227243337422112766,alphabeta,true,1
515365445455376436227243337422112766,alphabetaMO1,true,1
11163264443263465121656772371457235742735,alphabeta,true,0
11163264443263465121656772371457235742735,alphabetaMO1,true,0
7644711251612675265566222155133,alphabeta,true,2
7644711251612675265566222155133,alphabetaMO1,true,1
7545455641276377651446514723361673332,alphabeta,true,0
7545455641276377651446514723361673332,alphabetaMO1,true,1
11675147455377175615715334426442366,alphabeta,true,1
11675147455377175615715334426442366,alphabetaMO1,true,1
127133176546663147642771335753645225,alphabeta,true,4
127133176546663147642771335753645225,alphabetaMO1,true,5
1571655236333742224447321166424,alphabeta,true,360
1571655236333742224447321166424,alphabetaMO1,true,147
5527636621627555562162774271741,alphabeta,true,45
5527636621627555562162774271741,alphabetaMO1,true,8
43114276766366642133227317177,alphabeta,true,17
43114276766366642133227317177,alphabetaMO1,true,15
262421473611535377673576166233117,alphabeta,true,3
262421473611535377673576166233117,alphabetaMO1,true,0
57777664265264237322654617123,alphabeta,true,317
57777664265264237322654617123,alphabetaMO1,true,33
5664765467723645553152321471472473,alphabeta,true,44
5664765467723645553152321471472473,alphabetaMO1,true,20
2771524354547766732512535146342,alphabeta,true,15
2771524354547766732512535146342,alphabetaMO1,true,3
463665766351152462275172454433225,alphabeta,true,8
463665766351152462275172454433225,alphabetaMO1,true,3
2343776565371454732314774341566616221522,alphabeta,true,0
2343776565371454732314774341566616221522,alphabetaMO1,true,0
66577462673631577552474343122465321124,alphabeta,true,0
66577462673631577552474343122465321124,alphabetaMO1,true,0
6267266244264377226115755171531,alphabeta,true,131
6267266244264377226115755171531,alphabetaMO1,true,97
5375571231331316661777516622273522546,alphabeta,true,0
5375571231331316661777516622273522546,alphabetaMO1,true,0
24367673357261556726536432455772,alphabeta,true,6
24367673357261556726536432455772,alphabetaMO1,true,8
516522562737135266762557712463,alphabeta,true,14
516522562737135266762557712463,alphabetaMO1,true,5
52311342345125567755117333122274776644466,alphabeta,true,0
52311342345125567755117333122274776644466,alphabetaMO1,true,0
15365574116435554413162241336632,alphabeta,true,2
15365574116435554413162241336632,alphabetaMO1,true,2
514725241775125111576567272344434,alphabeta,true,1
514725241775125111576567272344434,alphabetaMO1,true,1
72514746442441616776223673127333631125555,alphabeta,true,0
72514746442441616776223673127333631125555,alphabetaMO1,true,0
61147417117232152634475574547,alphabeta,true,84
61147417117232152634475574547,alphabetaMO1,true,31
24621253453755735531116316364667,alphabeta,true,19
24621253453755735531116316364667,alphabetaMO1,true,36
115427236135732357771612274465125533444,alphabeta,true,0
115427236135732357771612274465125533444,alphabetaMO1,true,0
6666662555327324373275312723554714471441,alphabeta,true,0
6666662555327324373275312723554714471441,alphabetaMO1,true,0
7755557324165652331127176131733246246644,alphabeta,true,0
7755557324165652331127176131733246246644,alphabetaMO1,true,0
663552736765566111277442443542174,alphabeta,true,8
663552736765566111277442443542174,alphabetaMO1,true,7
2452562167241352342736457373417,alphabeta,true,83
2452562167241352342736457373417,alphabetaMO1,true,26
72336615765757472313311462764553652221144,alphabeta,true,0
72336615765757472313311462764553652221144,alphabetaMO1,true,0
65423633444537545136425536716722,alphabeta,true,36
65423633444537545136425536716722,alphabetaMO1,true,38
231144723636147551554543715437622637,alphabeta,true,3
231144723636147551554543715437622637,alphabetaMO1,true,5
31226623121522653373637556477111,alphabeta,true,0
31226623121522653373637556477111,alphabetaMO1,true,0
1765621222422733663663531541773117557,alphabeta,true,0
1765621222422733663663531541773117557,alphabetaMO1,true,0
63266334774536653463227472711,alphabeta,true,194
63266334774536653463227472711,alphabetaMO1,true,41
34725656261575621447215667443112231,alphabeta,true,9
34725656261575621447215667443112231,alphabetaMO1,true,11
14115526564266132547245212665414,alphabeta,true,2
14115526564266132547245212665414,alphabetaMO1,true,2
343754557312424214754731532271721536166,alphabeta,true,0
343754557312424214754731532271721536166,alphabetaMO1,true,0
763345315745227324361466344751,alphabeta,true,466
763345315745227324361466344751,alphabetaMO1,true,559
677417163264516546542576541211333277,alphabeta,true,11
677417163264516546542576541211333277,alphabetaMO1,true,4
7251453272373114752317422611543657,alphabeta,true,0
7251453272373114752317422611543657,alphabetaMO1,true,0
6356221225377467217213761356711,alphabeta,true,14
6356221225377467217213761356711,alphabetaMO1,true,6
4773516533341616722227514517127325,alphabeta,true,13
4773516533341616722227514517127325,alphabetaMO1,true,11
7361631666652517777527421121535532243344,alphabeta,true,0
7361631666652517777527421121535532243344,alphabetaMO1,true,0
4621445776735663556341176235213737145,alphabeta,true,0
4621445776735663556341176235213737145,alphabetaMO1,true,1
575774725711621514245113443634526,alphabeta,true,23
575774725711621514245113443634526,alphabetaMO1,true,24
2615652247424711737713244116276433,alphabeta,true,2
2615652247424711737713244116276433,alphabetaMO1,true,2
4712736127177167225466343614331236,alphabeta,true,1
4712736127177167225466343614331236,alphabetaMO1,true,1
121532772364536577475531317361561,alphabeta,true,0
121532772364536577475531317361561,alphabetaMO1,true,0
45333341653357622771542226247776615445,alphabeta,true,0
45333341653357622771542226247776615445,alphabetaMO1,true,0
165222215774511625371251577343,alphabeta,true,2
165222215774511625371251577343,alphabetaMO1,true,2
6514471256355772752115173227314323,alphabeta,true,1
6514471256355772752115173227314323,alphabetaMO1,true,1
5477453752771551176221454613644616236,alphabeta,true,0
5477453752771551176221454613644616236,alphabetaMO1,true,0
5222262557167521134155673614661334,alphabeta,true,3
5222262557167521134155673614661334,alphabetaMO1,true,3
6334156131732276376377117444456241,alphabeta,true,3
6334156131732276376377117444456241,alphabetaMO1,true,0
144124631277736664533331617167,alphabeta,true,36
144124631277736664533331617167,alphabetaMO1,true,11
765567441172441727423651342372,alphabeta,true,1316
765567441172441727423651342372,alphabetaMO1,true,578
73117674411261551367723422253754255,alphabeta,true,1
73117674411261551367723422253754255,alphabetaMO1,true,1
7533264356567124121765512762113373762,alphabeta,true,0
7533264356567124121765512762113373762,alphabetaMO1,true,0
52642112321552144123517435373773644666657,alphabeta,true,0
52642112321552144123517435373773644666657,alphabetaMO1,true,0
727111253723462441637265143274173,alphabeta,true,23
727111253723462441637265143274173,alphabetaMO1,true,20
2226113133512633655411763562627457,alphabeta,true,7
2226113133512633655411763562627457,alphabetaMO1,true,7
4111151164224222626477333646564553355,alphabeta,true,0
4111151164224222626477333646564553355,alphabetaMO1,true,0
162117735166531733334561577755222,alphabeta,true,1
162117735166531733334561577755222,alphabetaMO1,true,1
12616137344222445373123726113,alphabeta,true,8
12616137344222445373123726113,alphabetaMO1,true,8
754475553121675142163245771713,alphabeta,true,6
754475553121675142163245771713,alphabetaMO1,true,3
5234366411554144162665134725717653,alphabeta,true,0
5234366411554144162665134725717653,alphabetaMO1,true,0
563766547461264444363337772112735515215,alphabeta,true,0
563766547461264444363337772112735515215,alphabetaMO1,true,0
62165625212252641146637555444711,alphabeta,true,4
62165625212252641146637555444711,alphabetaMO1,true,2
75322756151646665376215777322523141,alphabeta,true,1
75322756151646665376215777322523141,alphabetaMO1,true,1
576243444672414373755116311657656522217,alphabeta,true,0
576243444672414373755116311657656522217,alphabetaMO1,true,0
7443141522453147662554756357122333767162,alphabeta,true,0
7443141522453147662554756357122333767162,alphabetaMO1,true,0
765225574562236142565323441431336467117,alphabeta,true,0
765225574562236142565323441431336467117,alphabetaMO1,true,0
2451367362275677627221173553431,alphabeta,true,119
2451367362275677627221173553431,alphabetaMO1,true,111
5733246454411752263746236265134372561771,alphabeta,true,0
5733246454411752263746236265134372561771,alphabetaMO1,true,0
4226726624552536134711116447236,alphabeta,true,23
4226726624552536134711116447236,alphabetaMO1,true,4
215437633767621671765726455351325,alphabeta,true,21
215437633767621671765726455351325,alphabetaMO1,true,37
55231452162145245577211344433633126,alphabeta,true,2
55231452162145245577211344433633126,alphabetaMO1,true,2
513564224215534471475512263171,alphabeta,true,29
513564224215534471475512263171,alphabetaMO1,true,15
125765767223411771322554211554334733,alphabeta,true,0
125765767223411771322554211554334733,alphabetaMO1,true,1
3336246337375777175215566124551644611,alphabeta,true,1
3336246337375777175215566124551644611,alphabetaMO1,true,1
15416122721163252177424636663477743,alphabeta,true,1
15416122721163252177424636663477743,alphabetaMO1,true,1
73633375775263571655445362671611,alphabeta,true,4
73633375775263571655445362671611,alphabetaMO1,true,0
16112454165343233156126635375526722444,alphabeta,true,0
16112454165343233156126635375526722444,alphabetaMO1,true,0
15714263361165775675514753721,alphabeta,true,139
15714263361165775675514753721,alphabetaMO1,true,410
412264327535742456223346657745776615,alphabeta,true,1
412264327535742456223346657745776615,alphabetaMO1,true,1
74465437265237731341656425627137123,alphabeta,true,6
74465437265237731341656425627137123,alphabetaMO1,true,3
41712514716463745327537221413224,alphabeta,true,11
41712514716463745327537221413224,alphabetaMO1,true,11
45214554276132747117313146435527335726266,alphabeta,true,0
45214554276132747117313146435527335726266,alphabetaMO1,true,0
6526543752432441747152456617212676,alphabeta,true,8
6526543752432441747152456617212676,alphabetaMO1,true,7
56125261164477715376672514143622435472333,alphabeta,true,0
56125261164477715376672514143622435472333,alphabetaMO1,true,0
674311256314337513473754766546175561,alphabeta,true,0
674311256314337513473754766546175561,alphabetaMO1,true,0
362616123257512363561275632777545731144,alphabeta,true,0
362616123257512363561275632777545731144,alphabetaMO1,true,0
1453221156256314532252673766576133777,alphabeta,true,0
1453221156256314532252673766576133777,alphabetaMO1,true,0
122634562353513732757763161625,alphabeta,true,12
122634562353513732757763161625,alphabetaMO1,true,38
17137731537213173436652657221,alphabeta,true,24
17137731537213173436652657221,alphabetaMO1,true,19
43476232141727322573461143247167361,alphabeta,true,0
43476232141727322573461143247167361,alphabetaMO1,true,0
7516726623446132357657252753674,alphabeta,true,2
7516726623446132357657252753674,alphabetaMO1,true,1
62273554466333414434752236672,alphabeta,true,40
62273554466333414434752236672,alphabetaMO1,true,28
4612612245725412241713437531573456757366,alphabeta,true,1
4612612245725412241713437531573456757366,alphabetaMO1,true,0
631671773177147346636655225511,alphabeta,true,104
631671773177147346636655225511,alphabetaMO1,true,104
266416546517514577127765252711223633,alphabeta,true,0
266416546517514577127765252711223633,alphabetaMO1,true,0
15533177336334162251777175515424664222,alphabeta,true,0
15533177336334162251777175515424664222,alphabetaMO1,true,0
6213133221526426714337747341162647756,alphabeta,true,1
6213133221526426714337747341162647756,alphabetaMO1,true,0
4426614121175655665317744473723,alphabeta,true,290
4426614121175655665317744473723,alphabetaMO1,true,165
2537255152164465533776227621614377131,alphabeta,true,1
2537255152164465533776227621614377131,alphabetaMO1,true,1
267663514352411661752172175442356,alphabeta,true,14
267663514352411661752172175442356,alphabetaMO1,true,13
6274366516134743353656215744551173417,alphabeta,true,0
6274366516134743353656215744551173417,alphabetaMO1,true,0
32552217466332765254335523111671176767,alphabeta,true,0
32552217466332765254335523111671176767,alphabetaMO1,true,0
7553417746463176176733326262112,alphabeta,true,6
7553417746463176176733326262112,alphabetaMO1,true,5
1431737773264226471222645631371634614,alphabeta,true,0
1431737773264226471222645631371634614,alphabetaMO1,true,0
6221174212752744662516315466571,alphabeta,true,53
6221174212752744662516315466571,alphabetaMO1,true,34
626625331713352361622562111377,alphabeta,true,0
626625331713352361622562111377,alphabetaMO1,true,0
52751475256122436752336456773,alphabeta,true,1063
52751475256122436752336456773,alphabetaMO1,true,1079
11366434124121427464222563373136677,alphabeta,true,1
11366434124121427464222563373136677,alphabetaMO1,true,1
61515667756513177466517125732,alphabeta,true,36
61515667756513177466517125732,alphabetaMO1,true,46
7447442155717775141413532232365561263,alphabeta,true,0
7447442155717775141413532232365561263,alphabetaMO1,true,0
1475472136311374334437114576726625555222,alphabeta,true,0
1475472136311374334437114576726625555222,alphabetaMO1,true,0
51355551547472226362322647743643,alphabeta,true,8
51355551547472226362322647743643,alphabetaMO1,true,7
2467436357145551777741141142255233366623,alphabeta,true,0
2467436357145551777741141142255233366623,alphabetaMO1,true,0
27321655356115733463527613277,alphabeta,true,82
27321655356115733463527613277,alphabetaMO1,true,2
376671226336753466444441731122551773552,alphabeta,true,0
376671226336753466444441731122551773552,alphabetaMO1,true,0
352743712371621631455225771166657234,alphabeta,true,6
352743712371621631455225771166657234,alphabetaMO1,true,7
53156531147174425252177622477,alphabeta,true,21
53156531147174425252177622477,alphabetaMO1,true,19
527621372271327433776355153425165,alphabeta,true,1
527621372271327433776355153425165,alphabetaMO1,true,0
32155225764244174477225331763755334,alphabeta,true,1
32155225764244174477225331763755334,alphabetaMO1,true,1
151267135543516667273176716253,alphabeta,true,117
151267135543516667273176716253,alphabetaMO1,true,235
33573465311454632157234445127512,alphabeta,true,13
33573465311454632157234445127512,alphabetaMO1,true,13
27276777463565452156715224532644631413311,alphabeta,true,0
27276777463565452156715224532644631413311,alphabetaMO1,true,0
3551535772673266724524625713334,alphabeta,true,155
3551535772673266724524625713334,alphabetaMO1,true,66
644243547211337627666761733212714342,alphabeta,true,0
644243547211337627666761733212714342,alphabetaMO1,true,0
7265642744155757653661717564242213412331,alphabeta,true,0
7265642744155757653661717564242213412331,alphabetaMO1,true,0
4612525337557374245363772271125631,alphabeta,true,4
4612525337557374245363772271125631,alphabetaMO1,true,5
53255147326115123566117763367757,alphabeta,true,3
53255147326115123566117763367757,alphabetaMO1,true,5
2647162263671357624677153431225,alphabeta,true,179
2647162263671357624677153431225,alphabetaMO1,true,89
7513443466532456412453156751331,alphabeta,true,5
7513443466532456412453156751331,alphabetaMO1,true,13
2657322664451417624366327424353175115,alphabeta,true,0
2657322664451417624366327424353175115,alphabetaMO1,true,1
26156553613675367722551167317331,alphabeta,true,2
26156553613675367722551167317331,alphabetaMO1,true,1
7322631721346763537316444462451516225,alphabeta,true,1
7322631721346763537316444462451516225,alphabetaMO1,true,1
4142351123126172343572356773712754644656,alphabeta,true,0
4142351123126172343572356773712754644656,alphabetaMO1,true,0
5726711712611416576447554373226463,alphabeta,true,0
5726711712611416576447554373226463,alphabetaMO1,true,0
313543374327143552251146556761241622766,alphabeta,true,0
313543374327143552251146556761241622766,alphabetaMO1,true,0
161732247327445365275272556154743633,alphabeta,true,0
161732247327445365275272556154743633,alphabetaMO1,true,0
34173154217214555631426641455223627733766,alphabeta,true,0
34173154217214555631426641455223627733766,alphabetaMO1,true,0
737566121544715632664464321351271,alphabeta,true,22
737566121544715632664464321351271,alphabetaMO1,true,9
16437771717517132153246642225633356,alphabeta,true,3
16437771717517132153246642225633356,alphabetaMO1,true,2
1661733353573272151352545661277,alphabeta,true,15
1661733353573272151352545661277,alphabetaMO1,true,20
32221331527655536512274433151,alphabeta,true,8
32221331527655536512274433151,alphabetaMO1,true,8
1676333572665514576247613114271233755,alphabeta,true,0
1676333572665514576247613114271233755,alphabetaMO1,true,0
37315375372564133275767252561422611146446,alphabeta,true,0
37315375372564133275767252561422611146446,alphabetaMO1,true,0
16321341235133171535275556224266,alphabeta,true,3
16321341235133171535275556224266,alphabetaMO1,true,3
15157626617673315757161745356222333,alphabeta,true,0
15157626617673315757161745356222333,alphabetaMO1,true,0
524714722166172175724366543711244,alphabeta,true,3
524714722166172175724366543711244,alphabetaMO1,true,3
625242277376452255371413164437616471353,alphabeta,true,0
625242277376452255371413164437616471353,alphabetaMO1,true,0
65173135547517734237724153634564461622,alphabeta,true,1
65173135547517734237724153634564461622,alphabetaMO1,true,1
653262371357331126235771176215,alphabeta,true,5
653262371357331126235771176215,alphabetaMO1,true,1
52577314311462551765637667562371312,alphabeta,true,0
52577314311462551765637667562371312,alphabetaMO1,true,1
6171331275655636334422443721644156,alphabeta,true,3
6171331275655636334422443721644156,alphabetaMO1,true,3
666466644412413133512377275547771522,alphabeta,true,4
666466644412413133512377275547771522,alphabetaMO1,true,4
242222463375671361214657744667117,alphabeta,true,18
242222463375671361214657744667117,alphabetaMO1,true,18
17735557635562757333143746111126266,alphabeta,true,1
17735557635562757333143746111126266,alphabetaMO1,true,1
711252713534341443575337222557617,alphabeta,true,5
711252713534341443575337222557617,alphabetaMO1,true,5
7322544516315432326467432142531516716677,alphabeta,true,0
7322544516315432326467432142531516716677,alphabetaMO1,true,0
66565466552354164272275411334227137,alphabeta,true,16
66565466552354164272275411334227137,alphabetaMO1,true,9
2513362332432664134172742516474171,alphabeta,true,3
2513362332432664134172742516474171,alphabetaMO1,true,4
24423524357365425774173337272456611615,alphabeta,true,0
24423524357365425774173337272456611615,alphabetaMO1,true,0
34426643624655251556744365131221217777,alphabeta,true,0
34426643624655251556744365131221217777,alphabetaMO1,true,0
77243113344113246614177553473227565,alphabeta,true,0
77243113344113246614177553473227565,alphabetaMO1,true,0
3173112776163215443154525425574632276,alphabeta,true,1
3173112776163215443154525425574632276,alphabetaMO1,true,1
14736425325213147755214355462364,alphabeta,true,69
14736425325213147755214355462364,alphabetaMO1,true,41
213555146174522654331727615143,alphabeta,true,14
213555146174522654331727615143,alphabetaMO1,true,4
75621755215645652166771736427324123,alphabeta,true,2
75621755215645652166771736427324123,alphabetaMO1,true,1
73372461511555274674634657675432416222,alphabeta,true,0
73372461511555274674634657675432416222,alphabetaMO1,true,0
55524633117766133171136764737625,alphabeta,true,0
55524633117766133171136764737625,alphabetaMO1,true,0
53246236376436733614122246575141741,alphabeta,true,3
53246236376436733614122246575141741,alphabetaMO1,true,3
113535574343153466477466316552767,alphabeta,true,3
113535574343153466477466316552767,alphabetaMO1,true,2
653652263152124474354523167742336611451,alphabeta,true,0
653652263152124474354523167742336611451,alphabetaMO1,true,0
162723724512664325154166235733653574477,alphabeta,true,0
162723724512664325154166235733653574477,alphabetaMO1,true,0
16771441165317414364746773366335522,alphabeta,true,0
16771441165317414364746773366335522,alphabetaMO1,true,0
711571425732511526222657654734433331766,alphabeta,true,0
711571425732511526222657654734433331766,alphabetaMO1,true,0
566711636511172531457377563633424,alphabeta,true,11
566711636511172531457377563633424,alphabetaMO1,true,12
23126776414771445617756322141243333266555,alphabeta,true,0
23126776414771445617756322141243333266555,alphabetaMO1,true,0
6721171716637335322153122673566254455,alphabeta,true,0
6721171716637335322153122673566254455,alphabetaMO1,true,0
214375677161451571236376562751363532,alphabeta,true,0
214375677161451571236376562751363532,alphabetaMO1,true,0
4656755264724714653674475561317,alphabeta,true,9
4656755264724714653674475561317,alphabetaMO1,true,20
242211274263266664471174741755,alphabeta,true,2
242211274263266664471174741755,alphabetaMO1,true,1
5613266222335367526115153711532674,alphabeta,true,0
5613266222335367526115153711532674,alphabetaMO1,true,0
5721754336567631233312667117165,alphabeta,true,6
5721754336567631233312667117165,alphabetaMO1,true,11
61364771753457722673631222566341421545543,alphabeta,true,0
61364771753457722673631222566341421545543,alphabetaMO1,true,0
634417612636113757253374135471,alphabeta,true,332
634417612636113757253374135471,alphabetaMO1,true,210
725172145435745137634624647321363226765,alphabeta,true,0
725172145435745137634624647321363226765,alphabetaMO1,true,0
6616374132146574335135135675524147,alphabeta,true,3
6616374132146574335135135675524147,alphabetaMO1,true,3
233222777712561365313351661214757,alphabeta,true,1
233222777712561365313351661214757,alphabetaMO1,true,1
77222453741346371355215344165614,alphabeta,true,83
77222453741346371355215344165614,alphabetaMO1,true,56
223447531317542562715145654273332114,alphabeta,true,0
223447531317542562715145654273332114,alphabetaMO1,true,0
76523275116725665566222541177,alphabeta,true,17
76523275116725665566222541177,alphabetaMO1,true,14
1271274736736456422577256231645335,alphabeta,true,17
1271274736736456422577256231645335,alphabetaMO1,true,6
22363276226331154516723176671731,alphabeta,true,5
22363276226331154516723176671731,alphabetaMO1,true,4
2256713655146326621346543245217431,alphabeta,true,23
2256713655146326621346543245217431,alphabetaMO1,true,22
63144635155445352244521321211263766773776,alphabeta,true,0
63144635155445352244521321211263766773776,alphabetaMO1,true,0
26166172245661464744754227112773153,alphabeta,true,0
26166172245661464744754227112773153,alphabetaMO1,true,0
7272365267773331745126165336651,alphabeta,true,4
7272365267773331745126165336651,alphabetaMO1,true,6
14773121116164375356577627633,alphabeta,true,3
14773121116164375356577627633,alphabetaMO1,true,8
34117656256627455341235734764572623,alphabeta,true,7
34117656256627455341235734764572623,alphabetaMO1,true,4
5255645661262233142737343311721166,alphabeta,true,0
5255645661262233142737343311721166,alphabetaMO1,true,0
43341525551461114662413532436,alphabeta,true,53
43341525551461114662413532436,alphabetaMO1,true,36
167221551477454364351673666121,alphabeta,true,107
167221551477454364351673666121,alphabetaMO1,true,174
231157251511632631637766375243,alphabeta,true,0
231157251511632631637766375243,alphabetaMO1,true,0
2376167454515726653225733272176,alphabeta,true,309
2376167454515726653225733272176,alphabetaMO1,true,152
455165552465422666271133641133714243237,alphabeta,true,0
455165552465422666271133641133714243237,alphabetaMO1,true,0
52332423626162742557413334565767647741151,alphabeta,true,0
52332423626162742557413334565767647741151,alphabetaMO1,true,0
7613272341341144175273457741666366,alphabeta,true,3
7613272341341144175273457741666366,alphabetaMO1,true,3
51631731361373575734776525115,alphabeta,true,5
51631731361373575734776525115,alphabetaMO1,true,1
366263531416633535477552227677712245,alphabeta,true,1
366263531416633535477552227677712245,alphabetaMO1,true,1
14512475713727644417517661365,alphabeta,true,0
14512475713727644417517661365,alphabetaMO1,true,0
75334656563423645523244164617532721772,alphabeta,true,0
75334656563423645523244164617532721772,alphabetaMO1,true,0
6614525442353371214512732676175264,alphabeta,true,11
6614525442353371214512732676175264,alphabetaMO1,true,8
24427621531444122437776361216517753635,alphabeta,true,0
24427621531444122437776361216517753635,alphabetaMO1,true,0
562211433411275452333644636165162,alphabeta,true,3
562211433411275452333644636165162,alphabetaMO1,true,3
1155112222474364733743566614614525,alphabeta,true,21
1155112222474364733743566614614525,alphabetaMO1,true,29
211345241752711326713473225737,alphabeta,true,1
211345241752711326713473225737,alphabetaMO1,true,1
111654471715757353754254244722216,alphabeta,true,2
111654471715757353754254244722216,alphabetaMO1,true,3
452413713651343173344416722771557622,alphabeta,true,1
452413713651343173344416722771557622,alphabetaMO1,true,2
434654212743744112732125672155335,alphabeta,true,13
434654212743744112732125672155335,alphabetaMO1,true,8
64562764424426214671122775317571,alphabeta,true,0
64562764424426214671122775317571,alphabetaMO1,true,0
145623552343366154224554411216,alphabeta,true,27
145623552343366154224554411216,alphabetaMO1,true,19
721352645514511547146661244656,alphabeta,true,5
721352645514511547146661244656,alphabetaMO1,true,19
7311547577764123455346156536263467,alphabeta,true,21
7311547577764123455346156536263467,alphabetaMO1,true,18
52665523751274534257761726476,alphabeta,true,75
52665523751274534257761726476,alphabetaMO1,true,21
44313343314577225517714261741766226536625,alphabeta,true,0
44313343314577225517714261741766226536625,alphabetaMO1,true,0
241332727166326137112155467443523,alphabeta,true,33
241332727166326137112155467443523,alphabetaMO1,true,34
41214413142325617731333652475772,alphabeta,true,10
41214413142325617731333652475772,alphabetaMO1,true,7
765311172237471372553716215625356626,alphabeta,true,0
765311172237471372553716215625356626,alphabetaMO1,true,0
274772611552657447213657616461254423153,alphabeta,true,0
274772611552657447213657616461254423153,alphabetaMO1,true,0
71614617447377457164451521335526222333,alphabeta,true,0
71614617447377457164451521335526222333,alphabetaMO1,true,1
57532667177217561331723643324465,alphabeta,true,110
57532667177217561331723643324465,alphabetaMO1,true,39
3752577155121135641475122442266347346376,alphabeta,true,0
3752577155121135641475122442266347346376,alphabetaMO1,true,0
62212225754527474756745611543647611,alphabeta,true,0
62212225754527474756745611543647611,alphabetaMO1,true,1
76367766125267677431552322445,alphabeta,true,318
76367766125267677431552322445,alphabetaMO1,true,260
321127375467255342514472213537,alphabeta,true,204
321127375467255342514472213537,alphabetaMO1,true,99
1741521515562262313671246675335336774,alphabeta,true,0
1741521515562262313671246675335336774,alphabetaMO1,true,0
67355351533547765767714613144461621432222,alphabeta,true,0
67355351533547765767714613144461621432222,alphabetaMO1,true,0
247742345313345625736351661652675224411,alphabeta,true,0
247742345313345625736351661652675224411,alphabetaMO1,true,0
175472612416263256225775647135561713334,alphabeta,true,0
175472612416263256225775647135561713334,alphabetaMO1,true,0
575764214665315226617472252363114331773,alphabeta,true,0
575764214665315226617472252363114331773,alphabetaMO1,true,0
32265373241237643744635551667,alphabeta,true,1311
32265373241237643744635551667,alphabetaMO1,true,747
7563112242553436462364367567524472117,alphabeta,true,8
7563112242553436462364367567524472117,alphabetaMO1,true,5
77432362773367472436355226451464511652,alphabeta,true,0
77432362773367472436355226451464511652,alphabetaMO1,true,0
21431167543125267676544264221714765373,alphabeta,true,0
21431167543125267676544264221714765373,alphabetaMO1,true,0
6313365453512423366644467245557721221,alphabeta,true,1
6313365453512423366644467245557721221,alphabetaMO1,true,1
117462553552311763376655177223234721466,alphabeta,true,0
117462553552311763376655177223234721466,alphabetaMO1,true,0
65554626131471612777355167763332,alphabeta,true,6
65554626131471612777355167763332,alphabetaMO1,true,5
1374311341246147153576246634325667727,alphabeta,true,0
1374311341246147153576246634325667727,alphabetaMO1,true,0
76642741435573447574271232313253652656111,alphabeta,true,0
76642741435573447574271232313253652656111,alphabetaMO1,true,0
13332314567514313146514462647527565776,alphabeta,true,0
13332314567514313146514462647527565776,alphabetaMO1,true,0
473547555275143137115112474376432663262,alphabeta,true,0
473547555275143137115112474376432663262,alphabetaMO1,true,0
2761343434574273245566177114317156,alphabeta,true,7
2761343434574273245566177114317156,alphabetaMO1,true,8
537466127771112547217214362654256,alphabeta,true,20
537466127771112547217214362654256,alphabetaMO1,true,13
2171137266253775276112542471644,alphabeta,true,39
2171137266253775276112542471644,alphabetaMO1,true,20
111656645644476164553557411322232,alphabeta,true,2
111656645644476164553557411322232,alphabetaMO1,true,2
6355372361765273735775153216211446612,alphabeta,true,0
6355372361765273735775153216211446612,alphabetaMO1,true,0
34727517345671124751756416632353362144562,alphabeta,true,0
34727517345671124751756416632353362144562,alphabetaMO1,true,0
2627765445737732247142554352563163113,alphabeta,true,1
2627765445737732247142554352563163113,alphabetaMO1,true,1
6614446144213373343572173625621522575561,alphabeta,true,0
6614446144213373343572173625621522575561,alphabetaMO1,true,0
2663413153462235511717616263752277,alphabeta,true,1
2663413153462235511717616263752277,alphabetaMO1,true,1
7633617311563542773122531152464,alphabeta,true,60
7633617311563542773122531152464,alphabetaMO1,true,48
631533737655753352677572411146261226,alphabeta,true,0
631533737655753352677572411146261226,alphabetaMO1,true,1
32371421135547764264312544112527533767,alphabeta,true,0
32371421135547764264312544112527533767,alphabetaMO1,true,0
66456114746571524517613751365,alphabeta,true,23
66456114746571524517613751365,alphabetaMO1,true,17
1671554444576476663712532771533632242,alphabeta,true,0
1671554444576476663712532771533632242,alphabetaMO1,true,0
676555422457354215217677667634311321,alphabeta,true,5
676555422457354215217677667634311321,alphabetaMO1,true,4
71421147327765771623626634423,alphabeta,true,62
71421147327765771623626634423,alphabetaMO1,true,26
7352142137463635666263553474147752172115,alphabeta,true,0
7352142137463635666263553474147752172115,alphabetaMO1,true,0
62352773434722421463343125746116,alphabeta,true,10
62352773434722421463343125746116,alphabetaMO1,true,2
436632267114621466377115174354242235,alphabeta,true,1
436632267114621466377115174354242235,alphabetaMO1,true,1
213477662241143347122733666164327,alphabeta,true,3
213477662241143347122733666164327,alphabetaMO1,true,5
7217423322714431671633664542531627,alphabeta,true,7
7217423322714431671633664542531627,alphabetaMO1,true,10
4233353731262144611266266515531244455,alphabeta,true,0
4233353731262144611266266515531244455,alphabetaMO1,true,0
3652114274643741677521751333761445,alphabeta,true,13
3652114274643741677521751333761445,alphabetaMO1,true,6
6266673573315246632711227535255431471174,alphabeta,true,0
6266673573315246632711227535255431471174,alphabetaMO1,true,0
517724361112312753261275536236746364,alphabeta,true,2
517724361112312753261275536236746364,alphabetaMO1,true,2
11763273634721365317516762642155755223444,alphabeta,true,0
11763273634721365317516762642155755223444,alphabetaMO1,true,0
61615215475155571374373176274223236,alphabeta,true,3
61615215475155571374373176274223236,alphabetaMO1,true,5
466754211241714177565574152374226625,alphabeta,true,0
466754211241714177565574152374226625,alphabetaMO1,true,0
455155137133342477531351477744,alphabeta,true,0
455155137133342477531351477744,alphabetaMO1,true,1
61275213577673143454155163754424271,alphabeta,true,1
61275213577673143454155163754424271,alphabetaMO1,true,1
5366327417457226527655521327331167631,alphabeta,true,0
5366327417457226527655521327331167631,alphabetaMO1,true,0
5223724647467415333143162462772763611155,alphabeta,true,0
5223724647467415333143162462772763611155,alphabetaMO1,true,0
1322154452517765343277266216437,alphabeta,true,1325
1322154452517765343277266216437,alphabetaMO1,true,564
42454611251266217126153276635,alphabeta,true,19
42454611251266217126153276635,alphabetaMO1,true,18
511431433727541141264237433672276,alphabeta,true,4
511431433727541141264237433672276,alphabetaMO1,true,2
76712456373325556634225676417473241,alphabeta,true,9
76712456373325556634225676417473241,alphabetaMO1,true,9
2451613162427714737172362337454425,alphabeta,true,7
2451613162427714737172362337454425,alphabetaMO1,true,5
6313313614476614237262611435472245557,alphabeta,true,0
6313313614476614237262611435472245557,alphabetaMO1,true,0
1122555442572426246366675316751,alphabeta,true,19
1122555442572426246366675316751,alphabetaMO1,true,6
6646272374524714724461176621713235513553,alphabeta,true,0
6646272374524714724461176621713235513553,alphabetaMO1,true,0
1211215114267722765534572344645774,alphabeta,true,3
1211215114267722765534572344645774,alphabetaMO1,true,3
63552637346532147335671655727126722,alphabeta,true,1
63552637346532147335671655727126722,alphabetaMO1,true,2
61134124344226244271352657663,alphabeta,true,14
61134124344226244271352657663,alphabetaMO1,true,14
2175714734552411451567733441222666537332,alphabeta,true,0
2175714734552411451567733441222666537332,alphabetaMO1,true,0
745736345733254227753522315624117144,alphabeta,true,0
745736345733254227753522315624117144,alphabetaMO1,true,1
33242274555663277276716165473315321,alphabeta,true,0
33242274555663277276716165473315321,alphabetaMO1,true,0
64512251217762472462766545773446155333,alphabeta,true,0
64512251217762472462766545773446155333,alphabetaMO1,true,0
767712573125335144776532534464,alphabeta,true,279
767712573125335144776532534464,alphabetaMO1,true,79
155164257647643324463416617117572,alphabeta,true,0
155164257647643324463416617117572,alphabetaMO1,true,0
3754244321165322745214677475753662353,alphabeta,true,2
3754244321165322745214677475753662353,alphabetaMO1,true,1
117662364364411455352626544273553,alphabeta,true,21
117662364364411455352626544273553,alphabetaMO1,true,20
5657617421771753341275541125426424,alphabeta,true,5
5657617421771753341275541125426424,alphabetaMO1,true,7
741114355544541236257762115664266332,alphabeta,true,1
741114355544541236257762115664266332,alphabetaMO1,true,1
44437536212265216654455214616,alphabeta,true,34
44437536212265216654455214616,alphabetaMO1,true,23
6473361671225313676161212575722553,alphabeta,true,0
6473361671225313676161212575722553,alphabetaMO1,true,0
32364511663516535572337576216,alphabeta,true,16
32364511663516535572337576216,alphabetaMO1,true,21
14711164625315265231526226375765447437733,alphabeta,true,0
14711164625315265231526226375765447437733,alphabetaMO1,true,0
2275634273633217117526375347415,alphabeta,true,2
2275634273633217117526375347415,alphabetaMO1,true,1
5554224333234511764415115,alphabeta,true,2714
5554224333234511764415115,alphabetaMO1,true,554
52753311433677442422121,alphabeta,true,12083
52753311433677442422121,alphabetaMO1,true,691
1233722555341451114725221333,alphabeta,true,740
1233722555341451114725221333,alphabetaMO1,true,745
271713432331713132,alphabeta,true,69
271713432331713132,alphabetaMO1,true,2
6672375354252731116762237724,alphabeta,true,1683
6672375354252731116762237724,alphabetaMO1,true,518
763452543756455357732314,alphabeta,true,2896
763452543756455357732314,alphabetaMO1,true,21
662222576343651642712157,alphabeta,true,1082
662222576343651642712157,alphabetaMO1,true,9
3455565261655364217,alphabeta,true,21693
3455565261655364217,alphabetaMO1,true,5
4661237137541742643224,alphabeta,true,228
4661237137541742643224,alphabetaMO1,true,264
21253774536432517717274325,alphabeta,true,628
21253774536432517717274325,alphabetaMO1,true,385
715371563635542612576371,alphabeta,true,5564
715371563635542612576371,alphabetaMO1,true,4219
4435612735531457155143,alphabeta,true,1144
4435612735531457155143,alphabetaMO1,true,475
3457741246677474572223453551,alphabeta,true,29
3457741246677474572223453551,alphabetaMO1,true,7
754732466173162124726115261,alphabeta,true,1
754732466173162124726115261,alphabetaMO1,true,1
64115442265757253615,alphabeta,true,4030
64115442265757253615,alphabetaMO1,true,19
34651743747475571565,alphabeta,true,31109
34651743747475571565,alphabetaMO1,true,647
36127316172165452675422251,alphabeta,true,701
36127316172165452675422251,alphabetaMO1,true,99
4235245615377275211512,alphabeta,true,13613
4235245615377275211512,alphabetaMO1,true,816
122435527534575161761,alphabeta,true,77024
122435527534575161761,alphabetaMO1,true,299
473175162213611457122724,alphabeta,true,18739
473175162213611457122724,alphabetaMO1,true,3472
5533212164224336233241461,alphabeta,true,44
5533212164224336233241461,alphabetaMO1,true,75
1231426213112346726266353,alphabeta,true,20
1231426213112346726266353,alphabetaMO1,true,4
45277231624411643516213,alphabeta,true,9314
45277231624411643516213,alphabetaMO1,true,430
1667675535724753771415352132,alphabeta,true,1427
1667675535724753771415352132,alphabetaMO1,true,1611
41416453222527221644,alphabeta,true,843
41416453222527221644,alphabetaMO1,true,2390
1715764132212113656454,alphabeta,true,9
1715764132212113656454,alphabetaMO1,true,4
651142666562345525716135112,alphabeta,true,34
651142666562345525716135112,alphabetaMO1,true,44
7532455277545526,alphabeta,true,34879
7532455277545526,alphabetaMO1,true,880
2737772244262123677516643354,alphabeta,true,2542
2737772244262123677516643354,alphabetaMO1,true,407
5746741223753516274755,alphabeta,true,1853
5746741223753516274755,alphabetaMO1,true,25
736655673445166272447546,alphabeta,true,1498
736655673445166272447546,alphabetaMO1,true,198
5237261635627332664143376,alphabeta,true,1
5237261635627332664143376,alphabetaMO1,true,1
5617131757733341415,alphabeta,true,28363
5617131757733341415,alphabetaMO1,true,3795
6561461362133747245312317267,alphabeta,true,2217
6561461362133747245312317267,alphabetaMO1,true,1054
3111642212167362762555645527,alphabeta,true,404
3111642212167362762555645527,alphabetaMO1,true,235
46212622667241121631756,alphabeta,true,1784
46212622667241121631756,alphabetaMO1,true,72
47611556754127222,alphabeta,true,71011
47611556754127222,alphabetaMO1,true,5
3262221111647466,alphabeta,true,28984
3262221111647466,alphabetaMO1,true,126225
7722654117336331661371176,alphabeta,true,20
7722654117336331661371176,alphabetaMO1,true,3
3237735666151513515634,alphabeta,true,6356
3237735666151513515634,alphabetaMO1,true,2662
71521736623715176174362,alphabeta,true,902
71521736623715176174362,alphabetaMO1,true,4955
544111732146347,alphabeta,true,35324
544111732146347,alphabetaMO1,true,22009
47724652442416755146,alphabeta,true,1219
47724652442416755146,alphabetaMO1,true,925
54527613337336351111622,alphabeta,true,15890
54527613337336351111622,alphabetaMO1,true,3726
35531254275547623,alphabeta,true,322687
35531254275547623,alphabetaMO1,true,30289
16773414341241421774376322,alphabeta,true,470
16773414341241421774376322,alphabetaMO1,true,542
175617344365477255,alphabeta,true,16928
175617344365477255,alphabetaMO1,true,154
411717625255115123554,alphabeta,true,15
411717625255115123554,alphabetaMO1,true,13
13227167421566572721,alphabeta,true,204726
13227167421566572721,alphabetaMO1,true,4855
1456346777667336372,alphabeta,true,9503
1456346777667336372,alphabetaMO1,true,42
3464123621337153667644637227,alphabeta,true,52
3464123621337153667644637227,alphabetaMO1,true,45
31266511114762722166672,alphabeta,true,5293
31266511114762722166672,alphabetaMO1,true,625
137616613112365341,alphabeta,true,31592
137616613112365341,alphabetaMO1,true,3406
6237377156733264225773,alphabeta,true,89170
6237377156733264225773,alphabetaMO1,true,36401
55371476331451637535,alphabeta,true,2
55371476331451637535,alphabetaMO1,true,2
615475226615213226217557,alphabeta,true,10
615475226615213226217557,alphabetaMO1,true,3
5127773675347376151,alphabeta,true,272619
5127773675347376151,alphabetaMO1,true,94
7717464322265274226441151,alphabeta,true,3169
7717464322265274226441151,alphabetaMO1,true,2626
55772343111646575236,alphabeta,false,35613
55772343111646575236,alphabetaMO1,false,6198
72276133256716235275764,alphabeta,true,256257
72276133256716235275764,alphabetaMO1,true,3905
65452257612667655615271112,alphabeta,true,670
65452257612667655615271112,alphabetaMO1,true,70
2577525532532441626,alphabeta,true,3493
2577525532532441626,alphabetaMO1,true,35
35653272262316437167672,alphabeta,true,9572
35653272262316437167672,alphabetaMO1,true,4933
1243234332773245342572475767,alphabeta,true,11
1243234332773245342572475767,alphabetaMO1,true,22
7535125153114313,alphabeta,true,12260
7535125153114313,alphabetaMO1,true,489
253527614166761447574,alphabeta,true,491082
253527614166761447574,alphabetaMO1,true,57807
245715112455274665623715716,alphabeta,true,281
245715112455274665623715716,alphabetaMO1,true,160
56222765165254226556673774,alphabeta,true,0
56222765165254226556673774,alphabetaMO1,true,0
77426557613323765616122535,alphabeta,true,252
77426557613323765616122535,alphabetaMO1,true,345
4644613266742167756722771541,alphabeta,true,91
4644613266742167756722771541,alphabetaMO1,true,225
452631744441223222647115,alphabeta,true,73
452631744441223222647115,alphabetaMO1,true,57
6462662734332655671542313,alphabeta,true,12245
6462662734332655671542313,alphabetaMO1,true,10579
4373163754466323,alphabeta,true,3
4373163754466323,alphabetaMO1,true,3
45542744735462742,alphabeta,true,66237
45542744735462742,alphabetaMO1,true,9
52225553533233247312617,alphabeta,true,57
52225553533233247312617,alphabetaMO1,true,7
3246237456535345371512,alphabeta,true,18086
3246237456535345371512,alphabetaMO1,true,39180
212532617775164141,alphabeta,true,3153105
212532617775164141,alphabetaMO1,true,85299
67421253275551744225213,alphabeta,true,2610
67421253275551744225213,alphabetaMO1,true,312
33313546767235271352,alphabeta,true,85797
33313546767235271352,alphabetaMO1,true,350
411364471753646417433177755,alphabeta,true,323
411364471753646417433177755,alphabetaMO1,true,244
1224277247774721613545115,alphabeta,true,311
1224277247774721613545115,alphabetaMO1,true,2310
76543123446324223431432127,alphabeta,true,7521
76543123446324223431432127,alphabetaMO1,true,4534
5165132157277276134227475,alphabeta,true,59063
5165132157277276134227475,alphabetaMO1,true,23635
7646171641443471716532164,alphabeta,true,1398
7646171641443471716532164,alphabetaMO1,true,590
27625643743643521753111,alphabeta,true,188764
27625643743643521753111,alphabetaMO1,true,364
522264452736756,alphabeta,true,316579
522264452736756,alphabetaMO1,true,140206
57553212327714336423676622,alphabeta,true,6327
57553212327714336423676622,alphabetaMO1,true,2951
553332366276267756111555776,alphabeta,true,389
553332366276267756111555776,alphabetaMO1,true,2
7725135517613477,alphabeta,true,15684682
7725135517613477,alphabetaMO1,true,586
7555726532567141222715416466,alphabeta,true,401
7555726532567141222715416466,alphabetaMO1,true,44
734476631737161177341324354,alphabeta,true,318
734476631737161177341324354,alphabetaMO1,true,100
62623724435526761122431133,alphabeta,true,292
62623724435526761122431133,alphabetaMO1,true,189
271411161457254361726,alphabeta,true,28287
271411161457254361726,alphabetaMO1,true,2383
7617657562173664715555,alphabeta,true,18845
7617657562173664715555,alphabetaMO1,true,4
777322726313643756152546,alphabeta,true,39999
777322726313643756152546,alphabetaMO1,true,6281
16445643742326746657,alphabeta,true,468017
16445643742326746657,alphabetaMO1,true,168436
3612577271337526673343274,alphabeta,true,3712
3612577271337526673343274,alphabetaMO1,true,1578
7125417577721225375266556,alphabeta,true,889
7125417577721225375266556,alphabetaMO1,true,29
65644113777615216373313743,alphabeta,true,5
65644113777615216373313743,alphabetaMO1,true,3
546167317562564251256237162,alphabeta,true,478
546167317562564251256237162,alphabetaMO1,true,129
6673377312746732,alphabeta,true,6279188
6673377312746732,alphabetaMO1,true,68658
4641133162345542,alphabeta,true,13
4641133162345542,alphabetaMO1,true,29
5365373625572524614352316,alphabeta,true,1
5365373625572524614352316,alphabetaMO1,true,1
657341635416555625471,alphabeta,true,896
657341635416555625471,alphabetaMO1,true,206
6747357277725656364415,alphabeta,true,35651
6747357277725656364415,alphabetaMO1,true,425
757154666551751363272,alphabeta,true,69260
757154666551751363272,alphabetaMO1,true,9333
6132623667546521255623127,alphabeta,true,337
6132623667546521255623127,alphabetaMO1,true,495
315225171236276777666271,alphabeta,true,26846
315225171236276777666271,alphabetaMO1,true,1083
113422122167672244746117367,alphabeta,true,52
113422122167672244746117367,alphabetaMO1,true,41
5347374145757771622512325,alphabeta,true,1
5347374145757771622512325,alphabetaMO1,true,1
31124166611476652461,alphabeta,true,10987
31124166611476652461,alphabetaMO1,true,3529
62523333557451566631264,alphabeta,true,7784
62523333557451566631264,alphabetaMO1,true,11225
713311533551231314755,alphabeta,true,1
713311533551231314755,alphabetaMO1,true,45
51137351146565342411,alphabeta,true,6141
51137351146565342411,alphabetaMO1,true,1860
3543166713733245231117,alphabeta,true,3078
3543166713733245231117,alphabetaMO1,true,1828
3217735763522667143373,alphabeta,true,8135
3217735763522667143373,alphabetaMO1,true,1523
6442147133575712244172,alphabeta,true,10043
6442147133575712244172,alphabetaMO1,true,1512
22756642677321336736612773,alphabeta,true,1148
22756642677321336736612773,alphabetaMO1,true,224
67647316672176756255331,alphabeta,true,2
67647316672176756255331,alphabetaMO1,true,2
625162614337765,alphabeta,true,597345
625162614337765,alphabetaMO1,true,710
47254525565152712,alphabeta,true,1026567
47254525565152712,alphabetaMO1,true,336692
446755524273322124445127,alphabeta,true,2865
446755524273322124445127,alphabetaMO1,true,1081
53337315253236517157261411,alphabeta,true,363
53337315253236517157261411,alphabetaMO1,true,331
52126366244377536726,alphabeta,true,3
52126366244377536726,alphabetaMO1,true,3
5266416344462647,alphabeta,true,372521
5266416344462647,alphabetaMO1,true,18899
7112154467341431,alphabeta,true,122298
7112154467341431,alphabetaMO1,true,369483
676524651176255741,alphabeta,true,2302096
676524651176255741,alphabetaMO1,true,200275
15721313466562712137,alphabeta,true,17694
15721313466562712137,alphabetaMO1,true,30
71114661511246636,alphabeta,true,192214
71114661511246636,alphabetaMO1,true,84439
5641274173637715675655753,alphabeta,true,1034
5641274173637715675655753,alphabetaMO1,true,339
65145566762633644215,alphabeta,true,243
65145566762633644215,alphabetaMO1,true,1583
117315167545341124,alphabeta,true,262
117315167545341124,alphabetaMO1,true,236
72572533563327373216,alphabeta,true,4841
72572533563327373216,alphabetaMO1,true,4
1216176353566455625361277537,alphabeta,true,520
1216176353566455625361277537,alphabetaMO1,true,493
513635225523631475657331,alphabeta,true,165
513635225523631475657331,alphabetaMO1,true,4
5226731653116776772711142,alphabeta,true,76
5226731653116776772711142,alphabetaMO1,true,12
2556551746465373772733636,alphabeta,true,13440
2556551746465373772733636,alphabetaMO1,true,3027
166676351322113324621,alphabeta,true,215445
166676351322113324621,alphabetaMO1,true,17249
234331235273567223257514116,alphabeta,true,75
234331235273567223257514116,alphabetaMO1,true,50
6464223476161123,alphabeta,true,2054767
6464223476161123,alphabetaMO1,true,174994
744756377222471165,alphabeta,true,5413384
744756377222471165,alphabetaMO1,true,15587
3374372732172176214213256,alphabeta,true,3245
3374372732172176214213256,alphabetaMO1,true,2309
37327525173143631662325662,alphabeta,true,114
37327525173143631662325662,alphabetaMO1,true,113
5516724631166275312523525677,alphabeta,true,1216
5516724631166275312523525677,alphabetaMO1,true,2240
1225772337767151,alphabeta,true,1
1225772337767151,alphabetaMO1,true,1
37542511245635225762,alphabeta,true,304851
37542511245635225762,alphabetaMO1,true,10496
65313213177411167266555,alphabeta,true,4688
65313213177411167266555,alphabetaMO1,true,46
62214763523662142136564,alphabeta,true,26220
62214763523662142136564,alphabetaMO1,true,1226
1462571636416267177611,alphabeta,true,5569
1462571636416267177611,alphabetaMO1,true,2067
317332211766171563334,alphabeta,true,4483
317332211766171563334,alphabetaMO1,true,4350
7236227623622346474116546144,alphabeta,true,551
7236227623622346474116546144,alphabetaMO1,true,377
35674332132366762241632,alphabeta,true,27
35674332132366762241632,alphabetaMO1,true,11
6531112231141276724767552,alphabeta,true,694
6531112231141276724767552,alphabetaMO1,true,480
761471225521321,alphabeta,true,12630918
761471225521321,alphabetaMO1,true,385271
136215442375624672646433,alphabeta,true,15608
136215442375624672646433,alphabetaMO1,true,4577
552435552666617514721116,alphabeta,true,4
552435552666617514721116,alphabetaMO1,true,2
253377617377674512,alphabeta,true,326644
253377617377674512,alphabetaMO1,true,25